id,name,category,priority,maturity,original_maturity,phase,module,module_evidence,intelligence_layer,v4_action,id_policy,greenfield_status,canonical_v5_3_action,implementation_gate
DAT-001,Provider Adapter SDK,Data Plane,P1,IMPLEMENTED_FOUNDATION,IMPLEMENTED_FOUNDATION,Wave 1,data/provider-adapter-sdk.js,prototype/js/earthus2/v03/data/provider-adapter-sdk.js,DATA_BACKEND_SUPPORT,PRESERVE_AND_REUSE; NO_RENAME; NO_NEW_ENGINE_UNLESS_GAP_EVIDENCE,PRESERVE_EXISTING_ID,SOURCE_FOUNDATION_AVAILABLE,REUSE_SOURCE_FOUNDATION_THEN_VERIFY_RUNTIME_REAL_DATA_BROWSER_DEVICE,MODULE_EXISTS_NOT_EQUAL_PRODUCTION_DONE
DAT-002,Canonical Tile Compiler,Data Plane,P1,IMPLEMENTED_FOUNDATION,IMPLEMENTED_FOUNDATION,Wave 1,data/tile-compiler.js,prototype/js/earthus2/v03/data/tile-compiler.js,DATA_BACKEND_SUPPORT,PRESERVE_AND_REUSE; NO_RENAME; NO_NEW_ENGINE_UNLESS_GAP_EVIDENCE,PRESERVE_EXISTING_ID,SOURCE_FOUNDATION_AVAILABLE,REUSE_SOURCE_FOUNDATION_THEN_VERIFY_RUNTIME_REAL_DATA_BROWSER_DEVICE,MODULE_EXISTS_NOT_EQUAL_PRODUCTION_DONE
DAT-003,Reprojection and Resampling Engine,Data Plane,P1,IMPLEMENTED_FOUNDATION,IMPLEMENTED_FOUNDATION,Wave 1,data/reprojection-resampling.js,prototype/js/earthus2/v03/data/reprojection-resampling.js,DATA_BACKEND_SUPPORT,PRESERVE_AND_REUSE; NO_RENAME; NO_NEW_ENGINE_UNLESS_GAP_EVIDENCE,PRESERVE_EXISTING_ID,SOURCE_FOUNDATION_AVAILABLE,REUSE_SOURCE_FOUNDATION_THEN_VERIFY_RUNTIME_REAL_DATA_BROWSER_DEVICE,MODULE_EXISTS_NOT_EQUAL_PRODUCTION_DONE
DAT-004,Time Slice Compiler,Data Plane,P1,IMPLEMENTED_FOUNDATION,IMPLEMENTED_FOUNDATION,Wave 1,data/time-slice.js,prototype/js/earthus2/v03/data/time-slice.js,DATA_BACKEND_SUPPORT,PRESERVE_AND_REUSE; NO_RENAME; NO_NEW_ENGINE_UNLESS_GAP_EVIDENCE,PRESERVE_EXISTING_ID,SOURCE_FOUNDATION_AVAILABLE,REUSE_SOURCE_FOUNDATION_THEN_VERIFY_RUNTIME_REAL_DATA_BROWSER_DEVICE,MODULE_EXISTS_NOT_EQUAL_PRODUCTION_DONE
DAT-005,Multi-tier Cache Coordinator,Data Plane,P1,IMPLEMENTED_FOUNDATION,IMPLEMENTED_FOUNDATION,Wave 1,data/cache-coordinator.js,prototype/js/earthus2/v03/data/cache-coordinator.js,DATA_BACKEND_SUPPORT,PRESERVE_AND_REUSE; NO_RENAME; NO_NEW_ENGINE_UNLESS_GAP_EVIDENCE,PRESERVE_EXISTING_ID,SOURCE_FOUNDATION_AVAILABLE,REUSE_SOURCE_FOUNDATION_THEN_VERIFY_RUNTIME_REAL_DATA_BROWSER_DEVICE,MODULE_EXISTS_NOT_EQUAL_PRODUCTION_DONE
DAT-006,Adaptive Tile Prefetch Engine,Data Plane,P1,IMPLEMENTED_FOUNDATION,IMPLEMENTED_FOUNDATION,Wave 1,data/adaptive-prefetch.js,prototype/js/earthus2/v03/data/adaptive-prefetch.js,DATA_BACKEND_SUPPORT,PRESERVE_AND_REUSE; NO_RENAME; NO_NEW_ENGINE_UNLESS_GAP_EVIDENCE,PRESERVE_EXISTING_ID,SOURCE_FOUNDATION_AVAILABLE,REUSE_SOURCE_FOUNDATION_THEN_VERIFY_RUNTIME_REAL_DATA_BROWSER_DEVICE,MODULE_EXISTS_NOT_EQUAL_PRODUCTION_DONE
DAT-007,Revision and Reconciliation Engine,Data Plane,P1,IMPLEMENTED_FOUNDATION,IMPLEMENTED_FOUNDATION,Wave 1,data/revision-engine.js,prototype/js/earthus2/v03/data/revision-engine.js,EVIDENCE_TRUTH_DATA,REUSE_AS_INTELLIGENCE_CORE_OR_SUPPORT; EXTEND_BY_CONTRACT/ADAPTER_ONLY,PRESERVE_EXISTING_ID,SOURCE_FOUNDATION_AVAILABLE,REUSE_SOURCE_FOUNDATION_THEN_VERIFY_RUNTIME_REAL_DATA_BROWSER_DEVICE,MODULE_EXISTS_NOT_EQUAL_PRODUCTION_DONE
DAT-008,Feature Snapshot Store Contract,Data Plane,P1,IMPLEMENTED_FOUNDATION,IMPLEMENTED_FOUNDATION,Wave 1,data/feature-snapshot.js,prototype/js/earthus2/v03/data/feature-snapshot.js,EVIDENCE_TRUTH_DATA,REUSE_AS_INTELLIGENCE_CORE_OR_SUPPORT; EXTEND_BY_CONTRACT/ADAPTER_ONLY,PRESERVE_EXISTING_ID,SOURCE_FOUNDATION_AVAILABLE,REUSE_SOURCE_FOUNDATION_THEN_VERIFY_RUNTIME_REAL_DATA_BROWSER_DEVICE,MODULE_EXISTS_NOT_EQUAL_PRODUCTION_DONE
DAT-009,Spatial Identity Resolution Engine,Data Plane,P1,IMPLEMENTED_FOUNDATION,IMPLEMENTED_FOUNDATION,Wave 1,data/spatial-identity-resolution.js,prototype/js/earthus2/v04/data/spatial-identity-resolution.js,DATA_BACKEND_SUPPORT,PRESERVE_AND_REUSE; NO_RENAME; NO_NEW_ENGINE_UNLESS_GAP_EVIDENCE,PRESERVE_EXISTING_ID,SOURCE_FOUNDATION_AVAILABLE,REUSE_SOURCE_FOUNDATION_THEN_VERIFY_RUNTIME_REAL_DATA_BROWSER_DEVICE,MODULE_EXISTS_NOT_EQUAL_PRODUCTION_DONE
DAT-010,Learning Data Factory,Data Plane,P1,IMPLEMENTED_FOUNDATION,IMPLEMENTED_FOUNDATION,Wave 4,data/learning-data-factory.js,prototype/js/earthus2/v04/data/learning-data-factory.js,EVIDENCE_TRUTH_DATA,REUSE_AS_INTELLIGENCE_CORE_OR_SUPPORT; EXTEND_BY_CONTRACT/ADAPTER_ONLY,PRESERVE_EXISTING_ID,SOURCE_FOUNDATION_AVAILABLE,REUSE_SOURCE_FOUNDATION_THEN_VERIFY_RUNTIME_REAL_DATA_BROWSER_DEVICE,MODULE_EXISTS_NOT_EQUAL_PRODUCTION_DONE
OPS-001,Provider Health Engine,Operations/Governance,P0,IMPLEMENTED_FOUNDATION,IMPLEMENTED_FOUNDATION,Wave 1,ops/provider-health.js,prototype/js/earthus2/v02/ops/provider-health.js,OPS_GOVERNANCE,PRESERVE_AND_REUSE; NO_RENAME; NO_NEW_ENGINE_UNLESS_GAP_EVIDENCE,PRESERVE_EXISTING_ID,SOURCE_FOUNDATION_AVAILABLE,REUSE_SOURCE_FOUNDATION_THEN_VERIFY_RUNTIME_REAL_DATA_BROWSER_DEVICE,MODULE_EXISTS_NOT_EQUAL_PRODUCTION_DONE
OPS-002,Circuit Breaker and Backoff,Operations/Governance,P1,IMPLEMENTED_FOUNDATION,IMPLEMENTED_FOUNDATION,Wave 3,ops/provider-health.js,prototype/js/earthus2/v02/ops/provider-health.js,OPS_GOVERNANCE,PRESERVE_AND_REUSE; NO_RENAME; NO_NEW_ENGINE_UNLESS_GAP_EVIDENCE,PRESERVE_EXISTING_ID,SOURCE_FOUNDATION_AVAILABLE,REUSE_SOURCE_FOUNDATION_THEN_VERIFY_RUNTIME_REAL_DATA_BROWSER_DEVICE,MODULE_EXISTS_NOT_EQUAL_PRODUCTION_DONE
OPS-003,Job Dependency DAG,Operations/Governance,P1,IMPLEMENTED_FOUNDATION,IMPLEMENTED_FOUNDATION,Wave 3,ops/job-dag.js,prototype/js/earthus2/v04/ops/job-dag.js,OPS_GOVERNANCE,PRESERVE_AND_REUSE; NO_RENAME; NO_NEW_ENGINE_UNLESS_GAP_EVIDENCE,PRESERVE_EXISTING_ID,SOURCE_FOUNDATION_AVAILABLE,REUSE_SOURCE_FOUNDATION_THEN_VERIFY_RUNTIME_REAL_DATA_BROWSER_DEVICE,MODULE_EXISTS_NOT_EQUAL_PRODUCTION_DONE
OPS-004,Dead Letter Recovery,Operations/Governance,P1,IMPLEMENTED_FOUNDATION,IMPLEMENTED_FOUNDATION,Wave 3,ops/dead-letter-recovery.js,prototype/js/earthus2/v04/ops/dead-letter-recovery.js,OPS_GOVERNANCE,PRESERVE_AND_REUSE; NO_RENAME; NO_NEW_ENGINE_UNLESS_GAP_EVIDENCE,PRESERVE_EXISTING_ID,SOURCE_FOUNDATION_AVAILABLE,REUSE_SOURCE_FOUNDATION_THEN_VERIFY_RUNTIME_REAL_DATA_BROWSER_DEVICE,MODULE_EXISTS_NOT_EQUAL_PRODUCTION_DONE
OPS-005,Freshness SLO Registry,Operations/Governance,P1,IMPLEMENTED_FOUNDATION,IMPLEMENTED_FOUNDATION,Wave 3,ops/freshness-slo.js,prototype/js/earthus2/v04/ops/freshness-slo.js,EVIDENCE_TRUTH_DATA,REUSE_AS_INTELLIGENCE_CORE_OR_SUPPORT; EXTEND_BY_CONTRACT/ADAPTER_ONLY,PRESERVE_EXISTING_ID,SOURCE_FOUNDATION_AVAILABLE,REUSE_SOURCE_FOUNDATION_THEN_VERIFY_RUNTIME_REAL_DATA_BROWSER_DEVICE,MODULE_EXISTS_NOT_EQUAL_PRODUCTION_DONE
OPS-006,ModelOps Lifecycle,Operations/Governance,P1,IMPLEMENTED_FOUNDATION,IMPLEMENTED_FOUNDATION,Wave 3,ops/modelops.js,prototype/js/earthus2/v02/ops/modelops.js,OPS_GOVERNANCE,REUSE_AS_INTELLIGENCE_CORE_OR_SUPPORT; EXTEND_BY_CONTRACT/ADAPTER_ONLY,PRESERVE_EXISTING_ID,SOURCE_FOUNDATION_AVAILABLE,REUSE_SOURCE_FOUNDATION_THEN_VERIFY_RUNTIME_REAL_DATA_BROWSER_DEVICE,MODULE_EXISTS_NOT_EQUAL_PRODUCTION_DONE
OPS-007,Champion/Challenger Selector,Operations/Governance,P1,IMPLEMENTED_FOUNDATION,IMPLEMENTED_FOUNDATION,Wave 3,ops/modelops.js,prototype/js/earthus2/v02/ops/modelops.js,OPS_GOVERNANCE,REUSE_AS_INTELLIGENCE_CORE_OR_SUPPORT; EXTEND_BY_CONTRACT/ADAPTER_ONLY,PRESERVE_EXISTING_ID,SOURCE_FOUNDATION_AVAILABLE,REUSE_SOURCE_FOUNDATION_THEN_VERIFY_RUNTIME_REAL_DATA_BROWSER_DEVICE,MODULE_EXISTS_NOT_EQUAL_PRODUCTION_DONE
OPS-008,Country Data Passport Compiler,Operations/Governance,P1,IMPLEMENTED_FOUNDATION,IMPLEMENTED_FOUNDATION,Wave 3,ops/readiness-compiler.js,prototype/js/earthus2/v02/ops/readiness-compiler.js,OPS_GOVERNANCE,PRESERVE_AND_REUSE; NO_RENAME; NO_NEW_ENGINE_UNLESS_GAP_EVIDENCE,PRESERVE_EXISTING_ID,SOURCE_FOUNDATION_AVAILABLE,REUSE_SOURCE_FOUNDATION_THEN_VERIFY_RUNTIME_REAL_DATA_BROWSER_DEVICE,MODULE_EXISTS_NOT_EQUAL_PRODUCTION_DONE
OPS-009,Observation Gap Lens,Operations/Governance,P1,IMPLEMENTED_FOUNDATION,IMPLEMENTED_FOUNDATION,Wave 3,ops/observation-gap.js,prototype/js/earthus2/v02/ops/observation-gap.js,OPS_GOVERNANCE,REUSE_AS_INTELLIGENCE_CORE_OR_SUPPORT; EXTEND_BY_CONTRACT/ADAPTER_ONLY,PRESERVE_EXISTING_ID,SOURCE_FOUNDATION_AVAILABLE,REUSE_SOURCE_FOUNDATION_THEN_VERIFY_RUNTIME_REAL_DATA_BROWSER_DEVICE,MODULE_EXISTS_NOT_EQUAL_PRODUCTION_DONE
OPS-010,Cost Observability,Operations/Governance,P1,IMPLEMENTED_FOUNDATION,IMPLEMENTED_FOUNDATION,Wave 3,ops/cost-observability.js,prototype/js/earthus2/v02/ops/cost-observability.js,OPS_GOVERNANCE,PRESERVE_AND_REUSE; NO_RENAME; NO_NEW_ENGINE_UNLESS_GAP_EVIDENCE,PRESERVE_EXISTING_ID,SOURCE_FOUNDATION_AVAILABLE,REUSE_SOURCE_FOUNDATION_THEN_VERIFY_RUNTIME_REAL_DATA_BROWSER_DEVICE,MODULE_EXISTS_NOT_EQUAL_PRODUCTION_DONE
OPS-011,Cost-to-Value Scheduler,Operations/Governance,P1,IMPLEMENTED_FOUNDATION,IMPLEMENTED_FOUNDATION,Wave 3,ops/cost-observability.js,prototype/js/earthus2/v02/ops/cost-observability.js,OPS_GOVERNANCE,PRESERVE_AND_REUSE; NO_RENAME; NO_NEW_ENGINE_UNLESS_GAP_EVIDENCE,PRESERVE_EXISTING_ID,SOURCE_FOUNDATION_AVAILABLE,REUSE_SOURCE_FOUNDATION_THEN_VERIFY_RUNTIME_REAL_DATA_BROWSER_DEVICE,MODULE_EXISTS_NOT_EQUAL_PRODUCTION_DONE
OPS-012,Rollback Engine,Operations/Governance,P1,IMPLEMENTED_FOUNDATION,IMPLEMENTED_FOUNDATION,Wave 3,ops/rollback-engine.js,prototype/js/earthus2/v04/ops/rollback-engine.js,OPS_GOVERNANCE,PRESERVE_AND_REUSE; NO_RENAME; NO_NEW_ENGINE_UNLESS_GAP_EVIDENCE,PRESERVE_EXISTING_ID,SOURCE_FOUNDATION_AVAILABLE,REUSE_SOURCE_FOUNDATION_THEN_VERIFY_RUNTIME_REAL_DATA_BROWSER_DEVICE,MODULE_EXISTS_NOT_EQUAL_PRODUCTION_DONE
OPS-013,Performance and Thermal Lab,Operations/Governance,P1,IMPLEMENTED_FOUNDATION,IMPLEMENTED_FOUNDATION,Wave 3,ops/performance-lab.js,prototype/js/earthus2/v04/ops/performance-lab.js,OPS_GOVERNANCE,PRESERVE_AND_REUSE; NO_RENAME; NO_NEW_ENGINE_UNLESS_GAP_EVIDENCE,PRESERVE_EXISTING_ID,SOURCE_FOUNDATION_AVAILABLE,REUSE_SOURCE_FOUNDATION_THEN_VERIFY_RUNTIME_REAL_DATA_BROWSER_DEVICE,MODULE_EXISTS_NOT_EQUAL_PRODUCTION_DONE
OPS-014,Regional Standards and Localization,Operations/Governance,P1,IMPLEMENTED_FOUNDATION,IMPLEMENTED_FOUNDATION,Wave 3,core/localization.js,prototype/js/earthus2/v02/core/localization.js,OPS_GOVERNANCE,PRESERVE_AND_REUSE; NO_RENAME; NO_NEW_ENGINE_UNLESS_GAP_EVIDENCE,PRESERVE_EXISTING_ID,SOURCE_FOUNDATION_AVAILABLE,REUSE_SOURCE_FOUNDATION_THEN_VERIFY_RUNTIME_REAL_DATA_BROWSER_DEVICE,MODULE_EXISTS_NOT_EQUAL_PRODUCTION_DONE
OPS-015,Platform Delivery Capability Gate,Operations/Governance,P1,IMPLEMENTED_FOUNDATION,IMPLEMENTED_FOUNDATION,Wave 3,core/platform-capability.js,prototype/js/earthus2/v02/core/platform-capability.js,OPS_GOVERNANCE,PRESERVE_AND_REUSE; NO_RENAME; NO_NEW_ENGINE_UNLESS_GAP_EVIDENCE,PRESERVE_EXISTING_ID,SOURCE_FOUNDATION_AVAILABLE,REUSE_SOURCE_FOUNDATION_THEN_VERIFY_RUNTIME_REAL_DATA_BROWSER_DEVICE,MODULE_EXISTS_NOT_EQUAL_PRODUCTION_DONE
OPS-016,Source Governance and Paid Use,Operations/Governance,P1,IMPLEMENTED_FOUNDATION,IMPLEMENTED_FOUNDATION,Wave 3,ops/source-governance-paid-use.js,prototype/js/earthus2/v05/ops/source-governance-paid-use.js,OPS_GOVERNANCE,PRESERVE_AND_REUSE; NO_RENAME; NO_NEW_ENGINE_UNLESS_GAP_EVIDENCE,PRESERVE_EXISTING_ID,SOURCE_FOUNDATION_AVAILABLE,REUSE_SOURCE_FOUNDATION_THEN_VERIFY_RUNTIME_REAL_DATA_BROWSER_DEVICE,MODULE_EXISTS_NOT_EQUAL_PRODUCTION_DONE
OPS-017,Fail-Soft Scene Profile Compiler,Operations/Governance,P1,IMPLEMENTED_FOUNDATION,IMPLEMENTED_FOUNDATION,Wave 3,core/fail-soft-scene.js,prototype/js/earthus2/v02/core/fail-soft-scene.js,OPS_GOVERNANCE,PRESERVE_AND_REUSE; NO_RENAME; NO_NEW_ENGINE_UNLESS_GAP_EVIDENCE,PRESERVE_EXISTING_ID,SOURCE_FOUNDATION_AVAILABLE,REUSE_SOURCE_FOUNDATION_THEN_VERIFY_RUNTIME_REAL_DATA_BROWSER_DEVICE,MODULE_EXISTS_NOT_EQUAL_PRODUCTION_DONE
OPS-018,Trust Ledger Drill-down,Operations/Governance,P1,IMPLEMENTED_FOUNDATION,IMPLEMENTED_FOUNDATION,Wave 3,core/trust-ledger.js,prototype/js/earthus2/v02/core/trust-ledger.js,EVIDENCE_TRUTH_DATA,REUSE_AS_INTELLIGENCE_CORE_OR_SUPPORT; EXTEND_BY_CONTRACT/ADAPTER_ONLY,PRESERVE_EXISTING_ID,SOURCE_FOUNDATION_AVAILABLE,REUSE_SOURCE_FOUNDATION_THEN_VERIFY_RUNTIME_REAL_DATA_BROWSER_DEVICE,MODULE_EXISTS_NOT_EQUAL_PRODUCTION_DONE
OPS-019,Engine Reuse Enforcement Gate,Operations/Governance,P0,IMPLEMENTED_FOUNDATION,IMPLEMENTED_FOUNDATION,Wave 0,ops/engine-reuse-enforcer.js,prototype/js/earthus2/v04/ops/engine-reuse-enforcer.js,OPS_GOVERNANCE,PRESERVE_AND_REUSE; NO_RENAME; NO_NEW_ENGINE_UNLESS_GAP_EVIDENCE,PRESERVE_EXISTING_ID,SOURCE_FOUNDATION_AVAILABLE,REUSE_SOURCE_FOUNDATION_THEN_VERIFY_RUNTIME_REAL_DATA_BROWSER_DEVICE,MODULE_EXISTS_NOT_EQUAL_PRODUCTION_DONE
SEC-001,Secret Redaction Middleware,Security,P0,IMPLEMENTED_FOUNDATION,IMPLEMENTED_FOUNDATION,Wave 1,security/redaction.js,prototype/js/earthus2/v03/security/redaction.js,OPS_GOVERNANCE,PRESERVE_AND_REUSE; NO_RENAME; NO_NEW_ENGINE_UNLESS_GAP_EVIDENCE,PRESERVE_EXISTING_ID,SOURCE_FOUNDATION_AVAILABLE,REUSE_SOURCE_FOUNDATION_THEN_VERIFY_RUNTIME_REAL_DATA_BROWSER_DEVICE,MODULE_EXISTS_NOT_EQUAL_PRODUCTION_DONE
SEC-002,Public Endpoint Abuse Guard,Security,P1,IMPLEMENTED_FOUNDATION,IMPLEMENTED_FOUNDATION,Wave 1,security/abuse-guard.js,prototype/js/earthus2/v03/security/abuse-guard.js,OPS_GOVERNANCE,PRESERVE_AND_REUSE; NO_RENAME; NO_NEW_ENGINE_UNLESS_GAP_EVIDENCE,PRESERVE_EXISTING_ID,SOURCE_FOUNDATION_AVAILABLE,REUSE_SOURCE_FOUNDATION_THEN_VERIFY_RUNTIME_REAL_DATA_BROWSER_DEVICE,MODULE_EXISTS_NOT_EQUAL_PRODUCTION_DONE
SEC-003,Privacy Minimization Engine,Security,P1,IMPLEMENTED_FOUNDATION,IMPLEMENTED_FOUNDATION,Wave 1,security/privacy-minimization.js,prototype/js/earthus2/v03/security/privacy-minimization.js,OPS_GOVERNANCE,PRESERVE_AND_REUSE; NO_RENAME; NO_NEW_ENGINE_UNLESS_GAP_EVIDENCE,PRESERVE_EXISTING_ID,SOURCE_FOUNDATION_AVAILABLE,REUSE_SOURCE_FOUNDATION_THEN_VERIFY_RUNTIME_REAL_DATA_BROWSER_DEVICE,MODULE_EXISTS_NOT_EQUAL_PRODUCTION_DONE
SEC-004,Access Audit Ledger,Security,P1,IMPLEMENTED_FOUNDATION,IMPLEMENTED_FOUNDATION,Wave 1,security/audit-ledger.js,prototype/js/earthus2/v03/security/audit-ledger.js,OPS_GOVERNANCE,PRESERVE_AND_REUSE; NO_RENAME; NO_NEW_ENGINE_UNLESS_GAP_EVIDENCE,PRESERVE_EXISTING_ID,SOURCE_FOUNDATION_AVAILABLE,REUSE_SOURCE_FOUNDATION_THEN_VERIFY_RUNTIME_REAL_DATA_BROWSER_DEVICE,MODULE_EXISTS_NOT_EQUAL_PRODUCTION_DONE
STO-001,Archive Packager,Storage/Archive,P1,IMPLEMENTED_FOUNDATION,IMPLEMENTED_FOUNDATION,Wave 3,storage/archive-packager.js,prototype/js/earthus2/v04/storage/archive-packager.js,OPS_GOVERNANCE,PRESERVE_AND_REUSE; NO_RENAME; NO_NEW_ENGINE_UNLESS_GAP_EVIDENCE,PRESERVE_EXISTING_ID,SOURCE_FOUNDATION_AVAILABLE,REUSE_SOURCE_FOUNDATION_THEN_VERIFY_RUNTIME_REAL_DATA_BROWSER_DEVICE,MODULE_EXISTS_NOT_EQUAL_PRODUCTION_DONE
STO-002,NAS Archive Agent,Storage/Archive,P1,IMPLEMENTED_FOUNDATION,IMPLEMENTED_FOUNDATION,Wave 3,storage/nas-archive-agent.js,prototype/js/earthus2/v04/storage/nas-archive-agent.js,OPS_GOVERNANCE,PRESERVE_AND_REUSE; NO_RENAME; NO_NEW_ENGINE_UNLESS_GAP_EVIDENCE,PRESERVE_EXISTING_ID,SOURCE_FOUNDATION_AVAILABLE,REUSE_SOURCE_FOUNDATION_THEN_VERIFY_RUNTIME_REAL_DATA_BROWSER_DEVICE,MODULE_EXISTS_NOT_EQUAL_PRODUCTION_DONE
STO-003,Archive State Machine,Storage/Archive,P1,IMPLEMENTED_FOUNDATION,IMPLEMENTED_FOUNDATION,Wave 3,storage/archive-state-machine.js,prototype/js/earthus2/v02/storage/archive-state-machine.js,OPS_GOVERNANCE,PRESERVE_AND_REUSE; NO_RENAME; NO_NEW_ENGINE_UNLESS_GAP_EVIDENCE,PRESERVE_EXISTING_ID,SOURCE_FOUNDATION_AVAILABLE,REUSE_SOURCE_FOUNDATION_THEN_VERIFY_RUNTIME_REAL_DATA_BROWSER_DEVICE,MODULE_EXISTS_NOT_EQUAL_PRODUCTION_DONE
STO-004,Archive Verification and Deletion Gate,Storage/Archive,P1,IMPLEMENTED_FOUNDATION,IMPLEMENTED_FOUNDATION,Wave 3,storage/archive-verification.js,prototype/js/earthus2/v02/storage/archive-verification.js,OPS_GOVERNANCE,PRESERVE_AND_REUSE; NO_RENAME; NO_NEW_ENGINE_UNLESS_GAP_EVIDENCE,PRESERVE_EXISTING_ID,SOURCE_FOUNDATION_AVAILABLE,REUSE_SOURCE_FOUNDATION_THEN_VERIFY_RUNTIME_REAL_DATA_BROWSER_DEVICE,MODULE_EXISTS_NOT_EQUAL_PRODUCTION_DONE
STO-005,Archive Catalog,Storage/Archive,P1,IMPLEMENTED_FOUNDATION,IMPLEMENTED_FOUNDATION,Wave 3,storage/archive-catalog.js,prototype/js/earthus2/v04/storage/archive-catalog.js,OPS_GOVERNANCE,PRESERVE_AND_REUSE; NO_RENAME; NO_NEW_ENGINE_UNLESS_GAP_EVIDENCE,PRESERVE_EXISTING_ID,SOURCE_FOUNDATION_AVAILABLE,REUSE_SOURCE_FOUNDATION_THEN_VERIFY_RUNTIME_REAL_DATA_BROWSER_DEVICE,MODULE_EXISTS_NOT_EQUAL_PRODUCTION_DONE
STO-006,Restore Engine,Storage/Archive,P1,IMPLEMENTED_FOUNDATION,IMPLEMENTED_FOUNDATION,Wave 3,storage/restore-planner.js,prototype/js/earthus2/v02/storage/restore-planner.js,OPS_GOVERNANCE,PRESERVE_AND_REUSE; NO_RENAME; NO_NEW_ENGINE_UNLESS_GAP_EVIDENCE,PRESERVE_EXISTING_ID,SOURCE_FOUNDATION_AVAILABLE,REUSE_SOURCE_FOUNDATION_THEN_VERIFY_RUNTIME_REAL_DATA_BROWSER_DEVICE,MODULE_EXISTS_NOT_EQUAL_PRODUCTION_DONE
STO-007,Retention and Storage Governor,Storage/Archive,P1,IMPLEMENTED_FOUNDATION,IMPLEMENTED_FOUNDATION,Wave 3,storage/archive-verification.js,prototype/js/earthus2/v02/storage/archive-verification.js,OPS_GOVERNANCE,PRESERVE_AND_REUSE; NO_RENAME; NO_NEW_ENGINE_UNLESS_GAP_EVIDENCE,PRESERVE_EXISTING_ID,SOURCE_FOUNDATION_AVAILABLE,REUSE_SOURCE_FOUNDATION_THEN_VERIFY_RUNTIME_REAL_DATA_BROWSER_DEVICE,MODULE_EXISTS_NOT_EQUAL_PRODUCTION_DONE
STO-008,Delta Cloud Keyframe Pack,Storage/Archive,P1,IMPLEMENTED_FOUNDATION,IMPLEMENTED_FOUNDATION,Wave 3,storage/delta-pack.js,prototype/js/earthus2/v02/storage/delta-pack.js,OPS_GOVERNANCE,PRESERVE_AND_REUSE; NO_RENAME; NO_NEW_ENGINE_UNLESS_GAP_EVIDENCE,PRESERVE_EXISTING_ID,SOURCE_FOUNDATION_AVAILABLE,REUSE_SOURCE_FOUNDATION_THEN_VERIFY_RUNTIME_REAL_DATA_BROWSER_DEVICE,MODULE_EXISTS_NOT_EQUAL_PRODUCTION_DONE
STO-009,Event Capsule Builder,Storage/Archive,P1,IMPLEMENTED_FOUNDATION,IMPLEMENTED_FOUNDATION,Wave 3,storage/event-capsule.js,prototype/js/earthus2/v02/storage/event-capsule.js,OPS_GOVERNANCE,PRESERVE_AND_REUSE; NO_RENAME; NO_NEW_ENGINE_UNLESS_GAP_EVIDENCE,PRESERVE_EXISTING_ID,SOURCE_FOUNDATION_AVAILABLE,REUSE_SOURCE_FOUNDATION_THEN_VERIFY_RUNTIME_REAL_DATA_BROWSER_DEVICE,MODULE_EXISTS_NOT_EQUAL_PRODUCTION_DONE
STO-010,Replay Rehydration Engine,Storage/Archive,P2,IMPLEMENTED_FOUNDATION,IMPLEMENTED_FOUNDATION,Wave 3,storage/replay-rehydration.js,prototype/js/earthus2/v02/storage/replay-rehydration.js,OPS_GOVERNANCE,PRESERVE_AND_REUSE; NO_RENAME; NO_NEW_ENGINE_UNLESS_GAP_EVIDENCE,PRESERVE_EXISTING_ID,SOURCE_FOUNDATION_AVAILABLE,REUSE_SOURCE_FOUNDATION_THEN_VERIFY_RUNTIME_REAL_DATA_BROWSER_DEVICE,MODULE_EXISTS_NOT_EQUAL_PRODUCTION_DONE
BCK-001,Ingestion Run Ledger,Backend/Data Plane,P0,IMPLEMENTED_FOUNDATION,IMPLEMENTED_FOUNDATION,Wave BACKEND-0,backend/ingestion-run-ledger.js,prototype/js/earthus2/v07/backend/ingestion-run-ledger.js,DATA_BACKEND_SUPPORT,PRESERVE_AND_REUSE; NO_RENAME; NO_NEW_ENGINE_UNLESS_GAP_EVIDENCE,PRESERVE_EXISTING_ID,SOURCE_FOUNDATION_AVAILABLE,REUSE_SOURCE_FOUNDATION_THEN_VERIFY_RUNTIME_REAL_DATA_BROWSER_DEVICE,MODULE_EXISTS_NOT_EQUAL_PRODUCTION_DONE
BCK-002,Raw Artifact Receipt & Immutable Store Adapter,Backend/Data Plane,P0,IMPLEMENTED_FOUNDATION,IMPLEMENTED_FOUNDATION,Wave BACKEND-0,backend/raw-artifact-store.js,prototype/js/earthus2/v07/backend/raw-artifact-store.js,DATA_BACKEND_SUPPORT,PRESERVE_AND_REUSE; NO_RENAME; NO_NEW_ENGINE_UNLESS_GAP_EVIDENCE,PRESERVE_EXISTING_ID,SOURCE_FOUNDATION_AVAILABLE,REUSE_SOURCE_FOUNDATION_THEN_VERIFY_RUNTIME_REAL_DATA_BROWSER_DEVICE,MODULE_EXISTS_NOT_EQUAL_PRODUCTION_DONE
BCK-003,Schema Contract & Drift Detector,Backend/Data Plane,P0,IMPLEMENTED_FOUNDATION,IMPLEMENTED_FOUNDATION,Wave BACKEND-0,backend/schema-drift.js,prototype/js/earthus2/v07/backend/schema-drift.js,DATA_BACKEND_SUPPORT,PRESERVE_AND_REUSE; NO_RENAME; NO_NEW_ENGINE_UNLESS_GAP_EVIDENCE,PRESERVE_EXISTING_ID,SOURCE_FOUNDATION_AVAILABLE,REUSE_SOURCE_FOUNDATION_THEN_VERIFY_RUNTIME_REAL_DATA_BROWSER_DEVICE,MODULE_EXISTS_NOT_EQUAL_PRODUCTION_DONE
BCK-004,Watermark & Revision Controller,Backend/Data Plane,P0,IMPLEMENTED_FOUNDATION,IMPLEMENTED_FOUNDATION,Wave BACKEND-0,backend/watermark-revision.js,prototype/js/earthus2/v07/backend/watermark-revision.js,DATA_BACKEND_SUPPORT,PRESERVE_AND_REUSE; NO_RENAME; NO_NEW_ENGINE_UNLESS_GAP_EVIDENCE,PRESERVE_EXISTING_ID,SOURCE_FOUNDATION_AVAILABLE,REUSE_SOURCE_FOUNDATION_THEN_VERIFY_RUNTIME_REAL_DATA_BROWSER_DEVICE,MODULE_EXISTS_NOT_EQUAL_PRODUCTION_DONE
BCK-005,Idempotency & Deduplication Engine,Backend/Data Plane,P0,IMPLEMENTED_FOUNDATION,IMPLEMENTED_FOUNDATION,Wave BACKEND-0,backend/idempotency-dedup.js,prototype/js/earthus2/v07/backend/idempotency-dedup.js,DATA_BACKEND_SUPPORT,PRESERVE_AND_REUSE; NO_RENAME; NO_NEW_ENGINE_UNLESS_GAP_EVIDENCE,PRESERVE_EXISTING_ID,SOURCE_FOUNDATION_AVAILABLE,REUSE_SOURCE_FOUNDATION_THEN_VERIFY_RUNTIME_REAL_DATA_BROWSER_DEVICE,MODULE_EXISTS_NOT_EQUAL_PRODUCTION_DONE
BCK-006,Provider Quota & Rate Budget Engine,Backend/Data Plane,P0,IMPLEMENTED_FOUNDATION,IMPLEMENTED_FOUNDATION,Wave BACKEND-0,backend/provider-budget.js,prototype/js/earthus2/v07/backend/provider-budget.js,DATA_BACKEND_SUPPORT,PRESERVE_AND_REUSE; NO_RENAME; NO_NEW_ENGINE_UNLESS_GAP_EVIDENCE,PRESERVE_EXISTING_ID,SOURCE_FOUNDATION_AVAILABLE,REUSE_SOURCE_FOUNDATION_THEN_VERIFY_RUNTIME_REAL_DATA_BROWSER_DEVICE,MODULE_EXISTS_NOT_EQUAL_PRODUCTION_DONE
BCK-007,Conditional Fetch Coordinator,Backend/Data Plane,P1,IMPLEMENTED_FOUNDATION,IMPLEMENTED_FOUNDATION,Wave BACKEND-1,backend/conditional-fetch.js,prototype/js/earthus2/v07/backend/conditional-fetch.js,DATA_BACKEND_SUPPORT,PRESERVE_AND_REUSE; NO_RENAME; NO_NEW_ENGINE_UNLESS_GAP_EVIDENCE,PRESERVE_EXISTING_ID,SOURCE_FOUNDATION_AVAILABLE,REUSE_SOURCE_FOUNDATION_THEN_VERIFY_RUNTIME_REAL_DATA_BROWSER_DEVICE,MODULE_EXISTS_NOT_EQUAL_PRODUCTION_DONE
BCK-008,Durable Outbox & Dispatch Engine,Backend/Operations,P0,IMPLEMENTED_FOUNDATION,IMPLEMENTED_FOUNDATION,Wave BACKEND-1,backend/outbox-dispatch.js,prototype/js/earthus2/v07/backend/outbox-dispatch.js,DATA_BACKEND_SUPPORT,PRESERVE_AND_REUSE; NO_RENAME; NO_NEW_ENGINE_UNLESS_GAP_EVIDENCE,PRESERVE_EXISTING_ID,SOURCE_FOUNDATION_AVAILABLE,REUSE_SOURCE_FOUNDATION_THEN_VERIFY_RUNTIME_REAL_DATA_BROWSER_DEVICE,MODULE_EXISTS_NOT_EQUAL_PRODUCTION_DONE
BCK-009,Poison Record Quarantine Engine,Backend/Operations,P0,IMPLEMENTED_FOUNDATION,IMPLEMENTED_FOUNDATION,Wave BACKEND-0,backend/quarantine.js,prototype/js/earthus2/v07/backend/quarantine.js,DATA_BACKEND_SUPPORT,PRESERVE_AND_REUSE; NO_RENAME; NO_NEW_ENGINE_UNLESS_GAP_EVIDENCE,PRESERVE_EXISTING_ID,SOURCE_FOUNDATION_AVAILABLE,REUSE_SOURCE_FOUNDATION_THEN_VERIFY_RUNTIME_REAL_DATA_BROWSER_DEVICE,MODULE_EXISTS_NOT_EQUAL_PRODUCTION_DONE
BCK-010,Backfill & Replay Planner,Backend/Operations,P1,IMPLEMENTED_FOUNDATION,IMPLEMENTED_FOUNDATION,Wave BACKEND-1,backend/backfill-replay.js,prototype/js/earthus2/v07/backend/backfill-replay.js,DATA_BACKEND_SUPPORT,PRESERVE_AND_REUSE; NO_RENAME; NO_NEW_ENGINE_UNLESS_GAP_EVIDENCE,PRESERVE_EXISTING_ID,SOURCE_FOUNDATION_AVAILABLE,REUSE_SOURCE_FOUNDATION_THEN_VERIFY_RUNTIME_REAL_DATA_BROWSER_DEVICE,MODULE_EXISTS_NOT_EQUAL_PRODUCTION_DONE
BCK-011,Canonical Event Store,Backend/Event Intelligence,P0,IMPLEMENTED_FOUNDATION,IMPLEMENTED_FOUNDATION,Wave BACKEND-1,backend/canonical-event-store.js,prototype/js/earthus2/v07/backend/canonical-event-store.js,EVIDENCE_TRUTH_DATA,REUSE_AS_CANONICAL_EVENT_AND_LINEAGE_STORE; ADD_REVISION/SCENARIO_LINKS_BY_ADAPTER,PRESERVE_EXISTING_ID,SOURCE_FOUNDATION_AVAILABLE,REUSE_SOURCE_FOUNDATION_THEN_VERIFY_RUNTIME_REAL_DATA_BROWSER_DEVICE,MODULE_EXISTS_NOT_EQUAL_PRODUCTION_DONE
BCK-012,Event Lineage Graph Persistence,Backend/Event Intelligence,P0,IMPLEMENTED_FOUNDATION,IMPLEMENTED_FOUNDATION,Wave BACKEND-1,backend/event-lineage.js,prototype/js/earthus2/v07/backend/event-lineage.js,EVIDENCE_TRUTH_DATA,REUSE_AS_CANONICAL_EVENT_AND_LINEAGE_STORE; ADD_REVISION/SCENARIO_LINKS_BY_ADAPTER,PRESERVE_EXISTING_ID,SOURCE_FOUNDATION_AVAILABLE,REUSE_SOURCE_FOUNDATION_THEN_VERIFY_RUNTIME_REAL_DATA_BROWSER_DEVICE,MODULE_EXISTS_NOT_EQUAL_PRODUCTION_DONE
BCK-013,Backend API Envelope & Typed Error Contract,Backend/API,P0,IMPLEMENTED_FOUNDATION,IMPLEMENTED_FOUNDATION,Wave BACKEND-2,backend/api-envelope.js,prototype/js/earthus2/v07/backend/api-envelope.js,DATA_BACKEND_SUPPORT,PRESERVE_AND_REUSE; NO_RENAME; NO_NEW_ENGINE_UNLESS_GAP_EVIDENCE,PRESERVE_EXISTING_ID,SOURCE_FOUNDATION_AVAILABLE,REUSE_SOURCE_FOUNDATION_THEN_VERIFY_RUNTIME_REAL_DATA_BROWSER_DEVICE,MODULE_EXISTS_NOT_EQUAL_PRODUCTION_DONE
BCK-014,Trace Correlation & Structured Log Engine,Backend/Operations,P0,IMPLEMENTED_FOUNDATION,IMPLEMENTED_FOUNDATION,Wave BACKEND-0,backend/trace-correlation.js,prototype/js/earthus2/v07/backend/trace-correlation.js,DATA_BACKEND_SUPPORT,PRESERVE_AND_REUSE; NO_RENAME; NO_NEW_ENGINE_UNLESS_GAP_EVIDENCE,PRESERVE_EXISTING_ID,SOURCE_FOUNDATION_AVAILABLE,REUSE_SOURCE_FOUNDATION_THEN_VERIFY_RUNTIME_REAL_DATA_BROWSER_DEVICE,MODULE_EXISTS_NOT_EQUAL_PRODUCTION_DONE
BCK-015,Secret Vault Adapter Contract,Backend/Security,P0,IMPLEMENTED_FOUNDATION,IMPLEMENTED_FOUNDATION,Wave BACKEND-0,backend/secret-vault-adapter.js,prototype/js/earthus2/v07/backend/secret-vault-adapter.js,DATA_BACKEND_SUPPORT,PRESERVE_AND_REUSE; NO_RENAME; NO_NEW_ENGINE_UNLESS_GAP_EVIDENCE,PRESERVE_EXISTING_ID,SOURCE_FOUNDATION_AVAILABLE,REUSE_SOURCE_FOUNDATION_THEN_VERIFY_RUNTIME_REAL_DATA_BROWSER_DEVICE,MODULE_EXISTS_NOT_EQUAL_PRODUCTION_DONE
BCK-016,Release Configuration Snapshot Engine,Backend/Release,P1,IMPLEMENTED_FOUNDATION,IMPLEMENTED_FOUNDATION,Wave BACKEND-2,backend/release-config-snapshot.js,prototype/js/earthus2/v07/backend/release-config-snapshot.js,DATA_BACKEND_SUPPORT,PRESERVE_AND_REUSE; NO_RENAME; NO_NEW_ENGINE_UNLESS_GAP_EVIDENCE,PRESERVE_EXISTING_ID,SOURCE_FOUNDATION_AVAILABLE,REUSE_SOURCE_FOUNDATION_THEN_VERIFY_RUNTIME_REAL_DATA_BROWSER_DEVICE,MODULE_EXISTS_NOT_EQUAL_PRODUCTION_DONE
BCK-017,Atomic Publish & Last-Good Promotion Engine,Backend/Data Plane,P0,IMPLEMENTED_FOUNDATION,IMPLEMENTED_FOUNDATION,Wave BACKEND-1,backend/atomic-publish.js,prototype/js/earthus2/v07/backend/atomic-publish.js,EVIDENCE_TRUTH_DATA,REUSE_AS_INTELLIGENCE_CORE_OR_SUPPORT; EXTEND_BY_CONTRACT/ADAPTER_ONLY,PRESERVE_EXISTING_ID,SOURCE_FOUNDATION_AVAILABLE,REUSE_SOURCE_FOUNDATION_THEN_VERIFY_RUNTIME_REAL_DATA_BROWSER_DEVICE,MODULE_EXISTS_NOT_EQUAL_PRODUCTION_DONE
NEWS-002,News Source Registry,News/Backend,P0,IMPLEMENTED_FOUNDATION,IMPLEMENTED_FOUNDATION,Wave BACKEND-1,news/source-registry.js,prototype/js/earthus2/v07/news/source-registry.js,EVENT_PULSE_SUPPORT,PRESERVE_AND_REUSE; NO_RENAME; NO_NEW_ENGINE_UNLESS_GAP_EVIDENCE,PRESERVE_EXISTING_ID,SOURCE_FOUNDATION_AVAILABLE,REUSE_SOURCE_FOUNDATION_THEN_VERIFY_RUNTIME_REAL_DATA_BROWSER_DEVICE,MODULE_EXISTS_NOT_EQUAL_PRODUCTION_DONE
NEWS-003,News Ingestion & Clustering Engine,News/Backend,P0,IMPLEMENTED_FOUNDATION,IMPLEMENTED_FOUNDATION,Wave BACKEND-1,news/ingestion-cluster.js,prototype/js/earthus2/v07/news/ingestion-cluster.js,EVENT_PULSE_SUPPORT,PRESERVE_AND_REUSE; NO_RENAME; NO_NEW_ENGINE_UNLESS_GAP_EVIDENCE,PRESERVE_EXISTING_ID,SOURCE_FOUNDATION_AVAILABLE,REUSE_SOURCE_FOUNDATION_THEN_VERIFY_RUNTIME_REAL_DATA_BROWSER_DEVICE,MODULE_EXISTS_NOT_EQUAL_PRODUCTION_DONE
BCK-018,Canonical Provider Registry Compiler,Backend/Governance,P0,IMPLEMENTED_FOUNDATION,IMPLEMENTED_FOUNDATION,Wave BACKEND-3,backend/provider-registry-compiler.js,prototype/js/earthus2/v08/backend/provider-registry-compiler.js,DATA_BACKEND_SUPPORT,PRESERVE_AND_REUSE; NO_RENAME; NO_NEW_ENGINE_UNLESS_GAP_EVIDENCE,PRESERVE_EXISTING_ID,SOURCE_FOUNDATION_AVAILABLE,REUSE_SOURCE_FOUNDATION_THEN_VERIFY_RUNTIME_REAL_DATA_BROWSER_DEVICE,MODULE_EXISTS_NOT_EQUAL_PRODUCTION_DONE
BCK-019,Versioned Schema Registry,Backend/Data Plane,P0,IMPLEMENTED_FOUNDATION,IMPLEMENTED_FOUNDATION,Wave BACKEND-3,backend/versioned-schema-registry.js,prototype/js/earthus2/v08/backend/versioned-schema-registry.js,DATA_BACKEND_SUPPORT,PRESERVE_AND_REUSE; NO_RENAME; NO_NEW_ENGINE_UNLESS_GAP_EVIDENCE,PRESERVE_EXISTING_ID,SOURCE_FOUNDATION_AVAILABLE,REUSE_SOURCE_FOUNDATION_THEN_VERIFY_RUNTIME_REAL_DATA_BROWSER_DEVICE,MODULE_EXISTS_NOT_EQUAL_PRODUCTION_DONE
BCK-020,Distributed Job Lease & Fencing Engine,Backend/Operations,P0,IMPLEMENTED_FOUNDATION,IMPLEMENTED_FOUNDATION,Wave BACKEND-3,backend/distributed-job-lease.js,prototype/js/earthus2/v08/backend/distributed-job-lease.js,DATA_BACKEND_SUPPORT,PRESERVE_AND_REUSE; NO_RENAME; NO_NEW_ENGINE_UNLESS_GAP_EVIDENCE,PRESERVE_EXISTING_ID,SOURCE_FOUNDATION_AVAILABLE,REUSE_SOURCE_FOUNDATION_THEN_VERIFY_RUNTIME_REAL_DATA_BROWSER_DEVICE,MODULE_EXISTS_NOT_EQUAL_PRODUCTION_DONE
BCK-021,Cross-Signal Snapshot Consistency Engine,Backend/Data Plane,P0,IMPLEMENTED_FOUNDATION,IMPLEMENTED_FOUNDATION,Wave BACKEND-3,backend/snapshot-consistency.js,prototype/js/earthus2/v08/backend/snapshot-consistency.js,EVIDENCE_TRUTH_DATA,REUSE_AS_INTELLIGENCE_CORE_OR_SUPPORT; EXTEND_BY_CONTRACT/ADAPTER_ONLY,PRESERVE_EXISTING_ID,SOURCE_FOUNDATION_AVAILABLE,REUSE_SOURCE_FOUNDATION_THEN_VERIFY_RUNTIME_REAL_DATA_BROWSER_DEVICE,MODULE_EXISTS_NOT_EQUAL_PRODUCTION_DONE
BCK-022,Geo-Temporal Query Planner,Backend/Query Plane,P0,IMPLEMENTED_FOUNDATION,IMPLEMENTED_FOUNDATION,Wave BACKEND-3,backend/geotemporal-query.js,prototype/js/earthus2/v08/backend/geotemporal-query.js,DATA_BACKEND_SUPPORT,PRESERVE_AND_REUSE; NO_RENAME; NO_NEW_ENGINE_UNLESS_GAP_EVIDENCE,PRESERVE_EXISTING_ID,SOURCE_FOUNDATION_AVAILABLE,REUSE_SOURCE_FOUNDATION_THEN_VERIFY_RUNTIME_REAL_DATA_BROWSER_DEVICE,MODULE_EXISTS_NOT_EQUAL_PRODUCTION_DONE
BCK-023,Request Coalescing SingleFlight Engine,Backend/Query Plane,P0,IMPLEMENTED_FOUNDATION,IMPLEMENTED_FOUNDATION,Wave BACKEND-3,backend/request-coalescing.js,prototype/js/earthus2/v08/backend/request-coalescing.js,DATA_BACKEND_SUPPORT,PRESERVE_AND_REUSE; NO_RENAME; NO_NEW_ENGINE_UNLESS_GAP_EVIDENCE,PRESERVE_EXISTING_ID,SOURCE_FOUNDATION_AVAILABLE,REUSE_SOURCE_FOUNDATION_THEN_VERIFY_RUNTIME_REAL_DATA_BROWSER_DEVICE,MODULE_EXISTS_NOT_EQUAL_PRODUCTION_DONE
BCK-024,Backend Cache Policy Resolver,Backend/Query Plane,P0,IMPLEMENTED_FOUNDATION,IMPLEMENTED_FOUNDATION,Wave BACKEND-3,backend/cache-policy.js,prototype/js/earthus2/v08/backend/cache-policy.js,DATA_BACKEND_SUPPORT,PRESERVE_AND_REUSE; NO_RENAME; NO_NEW_ENGINE_UNLESS_GAP_EVIDENCE,PRESERVE_EXISTING_ID,SOURCE_FOUNDATION_AVAILABLE,REUSE_SOURCE_FOUNDATION_THEN_VERIFY_RUNTIME_REAL_DATA_BROWSER_DEVICE,MODULE_EXISTS_NOT_EQUAL_PRODUCTION_DONE
BCK-025,Synthetic Runtime Probe Engine,Backend/Operations,P0,IMPLEMENTED_FOUNDATION,IMPLEMENTED_FOUNDATION,Wave BACKEND-3,backend/synthetic-runtime-probe.js,prototype/js/earthus2/v08/backend/synthetic-runtime-probe.js,DATA_BACKEND_SUPPORT,PRESERVE_AND_REUSE; NO_RENAME; NO_NEW_ENGINE_UNLESS_GAP_EVIDENCE,PRESERVE_EXISTING_ID,SOURCE_FOUNDATION_AVAILABLE,REUSE_SOURCE_FOUNDATION_THEN_VERIFY_RUNTIME_REAL_DATA_BROWSER_DEVICE,MODULE_EXISTS_NOT_EQUAL_PRODUCTION_DONE
BCK-026,DB Migration Compatibility Gate,Backend/Release,P0,IMPLEMENTED_FOUNDATION,IMPLEMENTED_FOUNDATION,Wave BACKEND-3,backend/migration-compatibility-gate.js,prototype/js/earthus2/v08/backend/migration-compatibility-gate.js,DATA_BACKEND_SUPPORT,PRESERVE_AND_REUSE; NO_RENAME; NO_NEW_ENGINE_UNLESS_GAP_EVIDENCE,PRESERVE_EXISTING_ID,SOURCE_FOUNDATION_AVAILABLE,REUSE_SOURCE_FOUNDATION_THEN_VERIFY_RUNTIME_REAL_DATA_BROWSER_DEVICE,MODULE_EXISTS_NOT_EQUAL_PRODUCTION_DONE
BCK-027,Backup & Restore Drill Verifier,Backend/Recovery,P1,IMPLEMENTED_FOUNDATION,IMPLEMENTED_FOUNDATION,Wave BACKEND-3,backend/restore-drill-verifier.js,prototype/js/earthus2/v08/backend/restore-drill-verifier.js,DATA_BACKEND_SUPPORT,PRESERVE_AND_REUSE; NO_RENAME; NO_NEW_ENGINE_UNLESS_GAP_EVIDENCE,PRESERVE_EXISTING_ID,SOURCE_FOUNDATION_AVAILABLE,REUSE_SOURCE_FOUNDATION_THEN_VERIFY_RUNTIME_REAL_DATA_BROWSER_DEVICE,MODULE_EXISTS_NOT_EQUAL_PRODUCTION_DONE
BCK-028,Query Cost & Result Budget Guard,Backend/Query Plane,P0,IMPLEMENTED_FOUNDATION,IMPLEMENTED_FOUNDATION,Wave BACKEND-3,backend/query-budget-guard.js,prototype/js/earthus2/v08/backend/query-budget-guard.js,DATA_BACKEND_SUPPORT,PRESERVE_AND_REUSE; NO_RENAME; NO_NEW_ENGINE_UNLESS_GAP_EVIDENCE,PRESERVE_EXISTING_ID,SOURCE_FOUNDATION_AVAILABLE,REUSE_SOURCE_FOUNDATION_THEN_VERIFY_RUNTIME_REAL_DATA_BROWSER_DEVICE,MODULE_EXISTS_NOT_EQUAL_PRODUCTION_DONE
BCK-029,Materialized Read Model Builder,Backend/Query Plane,P1,IMPLEMENTED_FOUNDATION,IMPLEMENTED_FOUNDATION,Wave BACKEND-3,backend/read-model-builder.js,prototype/js/earthus2/v08/backend/read-model-builder.js,DATA_BACKEND_SUPPORT,PRESERVE_AND_REUSE; NO_RENAME; NO_NEW_ENGINE_UNLESS_GAP_EVIDENCE,PRESERVE_EXISTING_ID,SOURCE_FOUNDATION_AVAILABLE,REUSE_SOURCE_FOUNDATION_THEN_VERIFY_RUNTIME_REAL_DATA_BROWSER_DEVICE,MODULE_EXISTS_NOT_EQUAL_PRODUCTION_DONE
NTF-001,Push Token Lifecycle Engine,Notification/Backend,P0,IMPLEMENTED_FOUNDATION,IMPLEMENTED_FOUNDATION,Wave BACKEND-RC,notification/token-lifecycle.js,prototype/js/earthus2/v10/notification/token-lifecycle.js,OPS_GOVERNANCE,PRESERVE_AND_REUSE; NO_RENAME; NO_NEW_ENGINE_UNLESS_GAP_EVIDENCE,PRESERVE_EXISTING_ID,SOURCE_FOUNDATION_AVAILABLE,REUSE_SOURCE_FOUNDATION_THEN_VERIFY_RUNTIME_REAL_DATA_BROWSER_DEVICE,MODULE_EXISTS_NOT_EQUAL_PRODUCTION_DONE
NTF-002,Consent & Channel Preference Engine,Notification/Backend,P0,IMPLEMENTED_FOUNDATION,IMPLEMENTED_FOUNDATION,Wave BACKEND-RC,notification/consent-preference.js,prototype/js/earthus2/v10/notification/consent-preference.js,OPS_GOVERNANCE,PRESERVE_AND_REUSE; NO_RENAME; NO_NEW_ENGINE_UNLESS_GAP_EVIDENCE,PRESERVE_EXISTING_ID,SOURCE_FOUNDATION_AVAILABLE,REUSE_SOURCE_FOUNDATION_THEN_VERIFY_RUNTIME_REAL_DATA_BROWSER_DEVICE,MODULE_EXISTS_NOT_EQUAL_PRODUCTION_DONE
NTF-003,Notification Delivery Receipt Engine,Notification/Backend,P1,IMPLEMENTED_FOUNDATION,IMPLEMENTED_FOUNDATION,Wave BACKEND-RC,notification/delivery-receipt.js,prototype/js/earthus2/v10/notification/delivery-receipt.js,OPS_GOVERNANCE,PRESERVE_AND_REUSE; NO_RENAME; NO_NEW_ENGINE_UNLESS_GAP_EVIDENCE,PRESERVE_EXISTING_ID,SOURCE_FOUNDATION_AVAILABLE,REUSE_SOURCE_FOUNDATION_THEN_VERIFY_RUNTIME_REAL_DATA_BROWSER_DEVICE,MODULE_EXISTS_NOT_EQUAL_PRODUCTION_DONE
NTF-004,Notification Fatigue & Cooldown Engine,Notification/Backend,P1,IMPLEMENTED_FOUNDATION,IMPLEMENTED_FOUNDATION,Wave BACKEND-RC,notification/fatigue.js,prototype/js/earthus2/v10/notification/fatigue.js,OPS_GOVERNANCE,PRESERVE_AND_REUSE; NO_RENAME; NO_NEW_ENGINE_UNLESS_GAP_EVIDENCE,PRESERVE_EXISTING_ID,SOURCE_FOUNDATION_AVAILABLE,REUSE_SOURCE_FOUNDATION_THEN_VERIFY_RUNTIME_REAL_DATA_BROWSER_DEVICE,MODULE_EXISTS_NOT_EQUAL_PRODUCTION_DONE
NTF-005,Watch Trigger Evaluation Engine,Notification/Backend,P0,IMPLEMENTED_FOUNDATION,IMPLEMENTED_FOUNDATION,Wave BACKEND-RC,notification/watch-trigger.js,prototype/js/earthus2/v10/notification/watch-trigger.js,OPS_GOVERNANCE,PRESERVE_AND_REUSE; NO_RENAME; NO_NEW_ENGINE_UNLESS_GAP_EVIDENCE,PRESERVE_EXISTING_ID,SOURCE_FOUNDATION_AVAILABLE,REUSE_SOURCE_FOUNDATION_THEN_VERIFY_RUNTIME_REAL_DATA_BROWSER_DEVICE,MODULE_EXISTS_NOT_EQUAL_PRODUCTION_DONE
OPS-020,Production Incident State Machine,Operations,P1,IMPLEMENTED_FOUNDATION,IMPLEMENTED_FOUNDATION,Wave BACKEND-RC,ops/incident-state-machine.js,prototype/js/earthus2/v10/ops/incident-state-machine.js,OPS_GOVERNANCE,PRESERVE_AND_REUSE; NO_RENAME; NO_NEW_ENGINE_UNLESS_GAP_EVIDENCE,PRESERVE_EXISTING_ID,SOURCE_FOUNDATION_AVAILABLE,REUSE_SOURCE_FOUNDATION_THEN_VERIFY_RUNTIME_REAL_DATA_BROWSER_DEVICE,MODULE_EXISTS_NOT_EQUAL_PRODUCTION_DONE
OPS-021,SLO & Error Budget Engine,Operations,P1,IMPLEMENTED_FOUNDATION,IMPLEMENTED_FOUNDATION,Wave BACKEND-RC,ops/slo-error-budget.js,prototype/js/earthus2/v10/ops/slo-error-budget.js,OPS_GOVERNANCE,PRESERVE_AND_REUSE; NO_RENAME; NO_NEW_ENGINE_UNLESS_GAP_EVIDENCE,PRESERVE_EXISTING_ID,SOURCE_FOUNDATION_AVAILABLE,REUSE_SOURCE_FOUNDATION_THEN_VERIFY_RUNTIME_REAL_DATA_BROWSER_DEVICE,MODULE_EXISTS_NOT_EQUAL_PRODUCTION_DONE
OPS-022,Degraded Mode Control Plane,Operations,P0,IMPLEMENTED_FOUNDATION,IMPLEMENTED_FOUNDATION,Wave BACKEND-RC,ops/degraded-mode.js,prototype/js/earthus2/v10/ops/degraded-mode.js,OPS_GOVERNANCE,PRESERVE_AND_REUSE; NO_RENAME; NO_NEW_ENGINE_UNLESS_GAP_EVIDENCE,PRESERVE_EXISTING_ID,SOURCE_FOUNDATION_AVAILABLE,REUSE_SOURCE_FOUNDATION_THEN_VERIFY_RUNTIME_REAL_DATA_BROWSER_DEVICE,MODULE_EXISTS_NOT_EQUAL_PRODUCTION_DONE
REL-001,Feature Flag & Canary Release Engine,Release,P0,IMPLEMENTED_FOUNDATION,IMPLEMENTED_FOUNDATION,Wave BACKEND-RC,release/feature-flag-canary.js,prototype/js/earthus2/v10/release/feature-flag-canary.js,OPS_GOVERNANCE,PRESERVE_AND_REUSE; NO_RENAME; NO_NEW_ENGINE_UNLESS_GAP_EVIDENCE,PRESERVE_EXISTING_ID,SOURCE_FOUNDATION_AVAILABLE,REUSE_SOURCE_FOUNDATION_THEN_VERIFY_RUNTIME_REAL_DATA_BROWSER_DEVICE,MODULE_EXISTS_NOT_EQUAL_PRODUCTION_DONE
REL-002,Release Evidence Gate,Release,P0,IMPLEMENTED_FOUNDATION,IMPLEMENTED_FOUNDATION,Wave BACKEND-RC,release/release-evidence-gate.js,prototype/js/earthus2/v10/release/release-evidence-gate.js,OPS_GOVERNANCE,PRESERVE_AND_REUSE; NO_RENAME; NO_NEW_ENGINE_UNLESS_GAP_EVIDENCE,PRESERVE_EXISTING_ID,SOURCE_FOUNDATION_AVAILABLE,REUSE_SOURCE_FOUNDATION_THEN_VERIFY_RUNTIME_REAL_DATA_BROWSER_DEVICE,MODULE_EXISTS_NOT_EQUAL_PRODUCTION_DONE
BCK-030,Backend Health Aggregation Engine,Backend/Operations,P0,IMPLEMENTED_FOUNDATION,IMPLEMENTED_FOUNDATION,Wave BACKEND-RC,backend/health-aggregation.js,prototype/js/earthus2/v10/backend/health-aggregation.js,DATA_BACKEND_SUPPORT,PRESERVE_AND_REUSE; NO_RENAME; NO_NEW_ENGINE_UNLESS_GAP_EVIDENCE,PRESERVE_EXISTING_ID,SOURCE_FOUNDATION_AVAILABLE,REUSE_SOURCE_FOUNDATION_THEN_VERIFY_RUNTIME_REAL_DATA_BROWSER_DEVICE,MODULE_EXISTS_NOT_EQUAL_PRODUCTION_DONE
BCK-031,Provider Failover Router,Backend/Data Plane,P0,IMPLEMENTED_FOUNDATION,IMPLEMENTED_FOUNDATION,Wave BACKEND-RC,backend/provider-failover-router.js,prototype/js/earthus2/v10/backend/provider-failover-router.js,DATA_BACKEND_SUPPORT,PRESERVE_AND_REUSE; NO_RENAME; NO_NEW_ENGINE_UNLESS_GAP_EVIDENCE,PRESERVE_EXISTING_ID,SOURCE_FOUNDATION_AVAILABLE,REUSE_SOURCE_FOUNDATION_THEN_VERIFY_RUNTIME_REAL_DATA_BROWSER_DEVICE,MODULE_EXISTS_NOT_EQUAL_PRODUCTION_DONE
