id,name,category,priority,maturity,phase,module,module_evidence,intelligence_layer,v4_action,id_policy
ANA-001,Privacy-Safe Product Telemetry Engine,Analytics,P1,IMPLEMENTED_FOUNDATION,Wave 4,analytics/telemetry.js,prototype/js/earthus2/v03/analytics/telemetry.js,OPS_GOVERNANCE,PRESERVE_AND_REUSE; NO_RENAME; NO_NEW_ENGINE_UNLESS_GAP_EVIDENCE,PRESERVE_EXISTING_ID
ANA-002,Intelligence Funnel Engine,Analytics,P1,IMPLEMENTED_FOUNDATION,Wave 4,analytics/funnel.js,prototype/js/earthus2/v03/analytics/funnel.js,OPS_GOVERNANCE,PRESERVE_AND_REUSE; NO_RENAME; NO_NEW_ENGINE_UNLESS_GAP_EVIDENCE,PRESERVE_EXISTING_ID
ANA-003,Alert Effectiveness Engine,Analytics,P1,IMPLEMENTED_FOUNDATION,Wave 4,analytics/alert-effectiveness.js,prototype/js/earthus2/v03/analytics/alert-effectiveness.js,OPS_GOVERNANCE,PRESERVE_AND_REUSE; NO_RENAME; NO_NEW_ENGINE_UNLESS_GAP_EVIDENCE,PRESERVE_EXISTING_ID
ANA-004,Engine Cost Attribution Engine,Analytics,P1,IMPLEMENTED_FOUNDATION,Wave 4,analytics/cost-attribution.js,prototype/js/earthus2/v03/analytics/cost-attribution.js,OPS_GOVERNANCE,PRESERVE_AND_REUSE; NO_RENAME; NO_NEW_ENGINE_UNLESS_GAP_EVIDENCE,PRESERVE_EXISTING_ID
CLD-001,Satellite Product and Tile Broker,Cloud,P1,IMPLEMENTED_FOUNDATION,Wave 3,cloud/satellite-product-broker.js,prototype/js/earthus2/v02/cloud/satellite-product-broker.js,DOMAIN_ENGINE,PRESERVE_AND_REUSE; NO_RENAME; NO_NEW_ENGINE_UNLESS_GAP_EVIDENCE,PRESERVE_EXISTING_ID
CLD-002,Cloud Top Retrieval,Cloud,P1,IMPLEMENTED_FOUNDATION,Wave 3,cloud/cloud-state.js,prototype/js/earthus2/v02/cloud/cloud-state.js,DOMAIN_ENGINE,PRESERVE_AND_REUSE; NO_RENAME; NO_NEW_ENGINE_UNLESS_GAP_EVIDENCE,PRESERVE_EXISTING_ID
CLD-003,Cloud Base Retrieval,Cloud,P1,IMPLEMENTED_FOUNDATION,Wave 3,cloud/cloud-state.js,prototype/js/earthus2/v02/cloud/cloud-state.js,DOMAIN_ENGINE,PRESERVE_AND_REUSE; NO_RENAME; NO_NEW_ENGINE_UNLESS_GAP_EVIDENCE,PRESERVE_EXISTING_ID
CLD-004,Multilayer Cloud Detection,Cloud,P1,IMPLEMENTED_FOUNDATION,Wave 3,cloud/cloud-state.js,prototype/js/earthus2/v02/cloud/cloud-state.js,DOMAIN_ENGINE,PRESERVE_AND_REUSE; NO_RENAME; NO_NEW_ENGINE_UNLESS_GAP_EVIDENCE,PRESERVE_EXISTING_ID
CLD-005,Canonical Cloud State,Cloud,P1,IMPLEMENTED_FOUNDATION,Wave 3,cloud/cloud-state.js,prototype/js/earthus2/v02/cloud/cloud-state.js,DOMAIN_ENGINE,PRESERVE_AND_REUSE; NO_RENAME; NO_NEW_ENGINE_UNLESS_GAP_EVIDENCE,PRESERVE_EXISTING_ID
CLD-006,0-6h Cloud Nowcast,Cloud,P1,IMPLEMENTED_FOUNDATION,Wave 3,weather/nowcast.js,prototype/js/earthus2/v02/weather/nowcast.js,DOMAIN_ENGINE,PRESERVE_AND_REUSE; NO_RENAME; NO_NEW_ENGINE_UNLESS_GAP_EVIDENCE,PRESERVE_EXISTING_ID
CLD-007,6h-10d Forecast Cloud Volume,Cloud,P1,IMPLEMENTED_FOUNDATION,Wave 3,cloud/cloud-forecast.js,prototype/js/earthus2/v02/cloud/cloud-forecast.js,DOMAIN_ENGINE,PRESERVE_AND_REUSE; NO_RENAME; NO_NEW_ENGINE_UNLESS_GAP_EVIDENCE,PRESERVE_EXISTING_ID
CLD-008,Cloud Confidence and Uncertainty,Cloud,P1,IMPLEMENTED_FOUNDATION,Wave 3,cloud/cloud-forecast.js,prototype/js/earthus2/v02/cloud/cloud-forecast.js,CONFIDENCE_UNCERTAINTY,REUSE/HARDEN_CONFIDENCE; NUMERIC_CONFIDENCE_REQUIRES_CALIBRATION,PRESERVE_EXISTING_ID
CLD-009,Adaptive Cloud Renderer,Cloud,P1,IMPLEMENTED_FOUNDATION,Wave 3,cloud/cloud-render-policy.js,prototype/js/earthus2/v02/cloud/cloud-render-policy.js,DOMAIN_ENGINE,PRESERVE_AND_REUSE; NO_RENAME; NO_NEW_ENGINE_UNLESS_GAP_EVIDENCE,PRESERVE_EXISTING_ID
CLD-010,Procedural Cloud Detail Synthesizer,Cloud,P2,IMPLEMENTED_FOUNDATION,Wave 3,cloud/procedural-detail.js,prototype/js/earthus2/v02/cloud/procedural-detail.js,DOMAIN_ENGINE,PRESERVE_AND_REUSE; NO_RENAME; NO_NEW_ENGINE_UNLESS_GAP_EVIDENCE,PRESERVE_EXISTING_ID
DAT-001,Provider Adapter SDK,Data Plane,P1,IMPLEMENTED_FOUNDATION,Wave 1,data/provider-adapter-sdk.js,prototype/js/earthus2/v03/data/provider-adapter-sdk.js,DATA_BACKEND_SUPPORT,PRESERVE_AND_REUSE; NO_RENAME; NO_NEW_ENGINE_UNLESS_GAP_EVIDENCE,PRESERVE_EXISTING_ID
DAT-002,Canonical Tile Compiler,Data Plane,P1,IMPLEMENTED_FOUNDATION,Wave 1,data/tile-compiler.js,prototype/js/earthus2/v03/data/tile-compiler.js,DATA_BACKEND_SUPPORT,PRESERVE_AND_REUSE; NO_RENAME; NO_NEW_ENGINE_UNLESS_GAP_EVIDENCE,PRESERVE_EXISTING_ID
DAT-003,Reprojection and Resampling Engine,Data Plane,P1,IMPLEMENTED_FOUNDATION,Wave 1,data/reprojection-resampling.js,prototype/js/earthus2/v03/data/reprojection-resampling.js,DATA_BACKEND_SUPPORT,PRESERVE_AND_REUSE; NO_RENAME; NO_NEW_ENGINE_UNLESS_GAP_EVIDENCE,PRESERVE_EXISTING_ID
DAT-004,Time Slice Compiler,Data Plane,P1,IMPLEMENTED_FOUNDATION,Wave 1,data/time-slice.js,prototype/js/earthus2/v03/data/time-slice.js,DATA_BACKEND_SUPPORT,PRESERVE_AND_REUSE; NO_RENAME; NO_NEW_ENGINE_UNLESS_GAP_EVIDENCE,PRESERVE_EXISTING_ID
DAT-005,Multi-tier Cache Coordinator,Data Plane,P1,IMPLEMENTED_FOUNDATION,Wave 1,data/cache-coordinator.js,prototype/js/earthus2/v03/data/cache-coordinator.js,DATA_BACKEND_SUPPORT,PRESERVE_AND_REUSE; NO_RENAME; NO_NEW_ENGINE_UNLESS_GAP_EVIDENCE,PRESERVE_EXISTING_ID
DAT-006,Adaptive Tile Prefetch Engine,Data Plane,P1,IMPLEMENTED_FOUNDATION,Wave 1,data/adaptive-prefetch.js,prototype/js/earthus2/v03/data/adaptive-prefetch.js,DATA_BACKEND_SUPPORT,PRESERVE_AND_REUSE; NO_RENAME; NO_NEW_ENGINE_UNLESS_GAP_EVIDENCE,PRESERVE_EXISTING_ID
DAT-007,Revision and Reconciliation Engine,Data Plane,P1,IMPLEMENTED_FOUNDATION,Wave 1,data/revision-engine.js,prototype/js/earthus2/v03/data/revision-engine.js,EVIDENCE_TRUTH_DATA,REUSE_AS_INTELLIGENCE_CORE_OR_SUPPORT; EXTEND_BY_CONTRACT/ADAPTER_ONLY,PRESERVE_EXISTING_ID
DAT-008,Feature Snapshot Store Contract,Data Plane,P1,IMPLEMENTED_FOUNDATION,Wave 1,data/feature-snapshot.js,prototype/js/earthus2/v03/data/feature-snapshot.js,EVIDENCE_TRUTH_DATA,REUSE_AS_INTELLIGENCE_CORE_OR_SUPPORT; EXTEND_BY_CONTRACT/ADAPTER_ONLY,PRESERVE_EXISTING_ID
DAT-009,Spatial Identity Resolution Engine,Data Plane,P1,IMPLEMENTED_FOUNDATION,Wave 1,data/spatial-identity-resolution.js,prototype/js/earthus2/v04/data/spatial-identity-resolution.js,DATA_BACKEND_SUPPORT,PRESERVE_AND_REUSE; NO_RENAME; NO_NEW_ENGINE_UNLESS_GAP_EVIDENCE,PRESERVE_EXISTING_ID
DAT-010,Learning Data Factory,Data Plane,P1,IMPLEMENTED_FOUNDATION,Wave 4,data/learning-data-factory.js,prototype/js/earthus2/v04/data/learning-data-factory.js,EVIDENCE_TRUTH_DATA,REUSE_AS_INTELLIGENCE_CORE_OR_SUPPORT; EXTEND_BY_CONTRACT/ADAPTER_ONLY,PRESERVE_EXISTING_ID
FND-001,Cesium Globe Core Adapter,Foundation,P0,REUSE_AS_IS,Wave 0,adapters/v8-compat.js,prototype/js/earthus2/v02/adapters/v8-compat.js,FOUNDATION_SUPPORT,PRESERVE_AND_REUSE; NO_RENAME; NO_NEW_ENGINE_UNLESS_GAP_EVIDENCE,PRESERVE_EXISTING_ID
FND-002,Thermal and Render Quality Adapter,Foundation,P0,REUSE_AS_IS,Wave 0,core/resource-governor.js,prototype/js/earthus2/v02/core/resource-governor.js,FOUNDATION_SUPPORT,PRESERVE_AND_REUSE; NO_RENAME; NO_NEW_ENGINE_UNLESS_GAP_EVIDENCE,PRESERVE_EXISTING_ID
FND-003,Truth and Evidence Contract Adapter,Foundation,P0,REUSE_AS_IS,Wave 0,core/canonical-signal.js,prototype/js/earthus2/v02/core/canonical-signal.js,EVIDENCE_TRUTH_DATA,REUSE_AS_INTELLIGENCE_CORE_OR_SUPPORT; EXTEND_BY_CONTRACT/ADAPTER_ONLY,PRESERVE_EXISTING_ID
FND-004,Unified Time Adapter,Foundation,P0,REUSE_WITH_ADAPTER,Wave 0,adapters/v8-compat.js,prototype/js/earthus2/v02/adapters/v8-compat.js,FOUNDATION_SUPPORT,PRESERVE_AND_REUSE; NO_RENAME; NO_NEW_ENGINE_UNLESS_GAP_EVIDENCE,PRESERVE_EXISTING_ID
FND-005,Provider and Source Registry,Foundation,P0,HARDEN,Wave 0,paid/rights-gate.js,prototype/js/earthus2/v02/paid/rights-gate.js,EVIDENCE_TRUTH_DATA,REUSE_AS_INTELLIGENCE_CORE_OR_SUPPORT; EXTEND_BY_CONTRACT/ADAPTER_ONLY,PRESERVE_EXISTING_ID
FND-006,Canonical Signal Contract,Foundation,P0,IMPLEMENTED_FOUNDATION,Wave 0,core/canonical-signal.js,prototype/js/earthus2/v02/core/canonical-signal.js,EVIDENCE_TRUTH_DATA,REUSE_AS_INTELLIGENCE_CORE_OR_SUPPORT; EXTEND_BY_CONTRACT/ADAPTER_ONLY,PRESERVE_EXISTING_ID
FND-007,Engine Runtime SDK,Foundation,P0,IMPLEMENTED_FOUNDATION,Wave 0,core/engine-runtime.js,prototype/js/earthus2/v02/core/engine-runtime.js,FOUNDATION_SUPPORT,PRESERVE_AND_REUSE; NO_RENAME; NO_NEW_ENGINE_UNLESS_GAP_EVIDENCE,PRESERVE_EXISTING_ID
FND-008,Resource Ownership Governor,Foundation,P0,IMPLEMENTED_FOUNDATION,Wave 0,core/resource-governor.js,prototype/js/earthus2/v02/core/resource-governor.js,FOUNDATION_SUPPORT,PRESERVE_AND_REUSE; NO_RENAME; NO_NEW_ENGINE_UNLESS_GAP_EVIDENCE,PRESERVE_EXISTING_ID
FND-009,Scene Orchestrator,Foundation,P0,IMPLEMENTED_FOUNDATION,Wave 0,core/scene-orchestrator.js,prototype/js/earthus2/v02/core/scene-orchestrator.js,FOUNDATION_SUPPORT,PRESERVE_AND_REUSE; NO_RENAME; NO_NEW_ENGINE_UNLESS_GAP_EVIDENCE,PRESERVE_EXISTING_ID
FND-010,Truth Budget Engine,Foundation,P0,IMPLEMENTED_FOUNDATION,Wave 0,core/truth-budget.js,prototype/js/earthus2/v02/core/truth-budget.js,EVIDENCE_TRUTH_DATA,REUSE_AS_INTELLIGENCE_CORE_OR_SUPPORT; EXTEND_BY_CONTRACT/ADAPTER_ONLY,PRESERVE_EXISTING_ID
FND-011,Visual Manifest and Semantic Linter,Foundation,P0,IMPLEMENTED_FOUNDATION,Wave 0,visual/visual-manifest.js + visual/semantic-linter.js,prototype/js/earthus2/v02/visual/semantic-linter.js;prototype/js/earthus2/v02/visual/visual-manifest.js,FOUNDATION_SUPPORT,PRESERVE_AND_REUSE; NO_RENAME; NO_NEW_ENGINE_UNLESS_GAP_EVIDENCE,PRESERVE_EXISTING_ID
FND-012,Canonical Signal Lake Index,Foundation,P0,IMPLEMENTED_FOUNDATION,Wave 0,storage/canonical-lake.js,prototype/js/earthus2/v02/storage/canonical-lake.js,EVIDENCE_TRUTH_DATA,REUSE_AS_INTELLIGENCE_CORE_OR_SUPPORT; EXTEND_BY_CONTRACT/ADAPTER_ONLY,PRESERVE_EXISTING_ID
FND-013,Geospatial Reference Engine,Foundation,P0,IMPLEMENTED_FOUNDATION,Wave 0,geo/geospatial-reference.js,prototype/js/earthus2/v02/geo/geospatial-reference.js,FOUNDATION_SUPPORT,PRESERVE_AND_REUSE; NO_RENAME; NO_NEW_ENGINE_UNLESS_GAP_EVIDENCE,PRESERVE_EXISTING_ID
FND-014,Country Focus Geometry and Dimming,Foundation,P0,IMPLEMENTED_FOUNDATION,Wave 0,geo/country-focus.js,prototype/js/earthus2/v02/geo/country-focus.js,FOUNDATION_SUPPORT,PRESERVE_AND_REUSE; NO_RENAME; NO_NEW_ENGINE_UNLESS_GAP_EVIDENCE,PRESERVE_EXISTING_ID
FND-015,Terrain Source and LOD Broker,Foundation,P0,IMPLEMENTED_FOUNDATION,Wave 0,geo/terrain-source-broker.js + geo/terrain-lod.js,prototype/js/earthus2/v02/geo/terrain-lod.js;prototype/js/earthus2/v02/geo/terrain-source-broker.js,FOUNDATION_SUPPORT,PRESERVE_AND_REUSE; NO_RENAME; NO_NEW_ENGINE_UNLESS_GAP_EVIDENCE,PRESERVE_EXISTING_ID
FND-016,Paid Intelligence Delivery Shell,Foundation,P0,IMPLEMENTED_FOUNDATION,Wave 0,paid/entitlement.js + paid/intelligence-orchestrator.js,prototype/js/earthus2/v02/paid/entitlement.js;prototype/js/earthus2/v02/paid/intelligence-orchestrator.js,FOUNDATION_SUPPORT,PRESERVE_AND_REUSE; NO_RENAME; NO_NEW_ENGINE_UNLESS_GAP_EVIDENCE,PRESERVE_EXISTING_ID
FND-017,Planet Intelligence Orchestrator,Foundation,P0,IMPLEMENTED_FOUNDATION,Wave 0,core/planet-intelligence-orchestrator.js,prototype/js/earthus2/v04/core/planet-intelligence-orchestrator.js,FUSION_STATE_ORCHESTRATION,PROMOTE_AS_ROOT_ORCHESTRATOR; DO_NOT_CREATE_SECOND_INTELLIGENCE_ORCHESTRATOR,PRESERVE_EXISTING_ID
FND-018,Device Network Battery Governor,Foundation,P0,IMPLEMENTED_FOUNDATION,Wave 0,core/device-network-governor.js,prototype/js/earthus2/v04/core/device-network-governor.js,FOUNDATION_SUPPORT,PRESERVE_AND_REUSE; NO_RENAME; NO_NEW_ENGINE_UNLESS_GAP_EVIDENCE,PRESERVE_EXISTING_ID
GEO-001,Terrain/Data Morph Engine,Geo/Terrain,P1,IMPLEMENTED_FOUNDATION,Wave 1,geo/terrain-data-morph.js,prototype/js/earthus2/v02/geo/terrain-data-morph.js,EXPERIENCE_RENDER,PRESERVE_AND_REUSE; NO_RENAME; NO_NEW_ENGINE_UNLESS_GAP_EVIDENCE,PRESERVE_EXISTING_ID
GEO-002,Bathymetry and Trench Level 1,Geo/Terrain,P1,IMPLEMENTED_FOUNDATION,Wave 2,geo/bathymetry-policy.js,prototype/js/earthus2/v02/geo/bathymetry-policy.js,EXPERIENCE_RENDER,PRESERVE_AND_REUSE; NO_RENAME; NO_NEW_ENGINE_UNLESS_GAP_EVIDENCE,PRESERVE_EXISTING_ID
GEO-003,Trench Camera Level 2,Geo/Terrain,P2,IMPLEMENTED_FOUNDATION,Wave 3,geo/trench-camera.js,prototype/js/earthus2/v04/geo/trench-camera.js,EXPERIENCE_RENDER,PRESERVE_AND_REUSE; NO_RENAME; NO_NEW_ENGINE_UNLESS_GAP_EVIDENCE,PRESERVE_EXISTING_ID
GEO-004,Underwater Camera Level 3,Geo/Terrain,P2,FUTURE_VISION,Future,None,,LOCKED_FUTURE,KEEP_LOCKED_NO_IMPLEMENTATION_WITHOUT_GAP_GATE,PRESERVE_EXISTING_ID
GEO-005,Place Hierarchy Resolver,Geo/Terrain,P1,IMPLEMENTED_FOUNDATION,Wave 1,geo/place-hierarchy.js,prototype/js/earthus2/v03/geo/place-hierarchy.js,EXPERIENCE_RENDER,PRESERVE_AND_REUSE; NO_RENAME; NO_NEW_ENGINE_UNLESS_GAP_EVIDENCE,PRESERVE_EXISTING_ID
HAZ-001,Unified Official Warning Engine,Hazard,P0,IMPLEMENTED_FOUNDATION,Wave 3,hazards/warning-engine.js,prototype/js/earthus2/v03/hazards/warning-engine.js,DOMAIN_ENGINE,PRESERVE_AND_REUSE; NO_RENAME; NO_NEW_ENGINE_UNLESS_GAP_EVIDENCE,PRESERVE_EXISTING_ID
HAZ-002,Hazard Event Graph,Hazard,P1,IMPLEMENTED_FOUNDATION,Wave 3,hazards/event-graph.js,prototype/js/earthus2/v03/hazards/event-graph.js,EVENT_REASONING_INTELLIGENCE,REUSE_AS_INTELLIGENCE_CORE_OR_SUPPORT; EXTEND_BY_CONTRACT/ADAPTER_ONLY,PRESERVE_EXISTING_ID
HAZ-003,Earthquake Depth Engine,Hazard,P1,IMPLEMENTED_FOUNDATION,Wave 3,hazards/earthquake-depth.js,prototype/js/earthus2/v03/hazards/earthquake-depth.js,DOMAIN_ENGINE,PRESERVE_AND_REUSE; NO_RENAME; NO_NEW_ENGINE_UNLESS_GAP_EVIDENCE,PRESERVE_EXISTING_ID
HAZ-004,Seismic Cluster Context Engine,Hazard,P1,IMPLEMENTED_FOUNDATION,Wave 3,hazards/earthquake-depth.js,prototype/js/earthus2/v03/hazards/earthquake-depth.js,DOMAIN_ENGINE,PRESERVE_AND_REUSE; NO_RENAME; NO_NEW_ENGINE_UNLESS_GAP_EVIDENCE,PRESERVE_EXISTING_ID
HAZ-005,Tsunami Official Alert Integrator,Hazard,P1,IMPLEMENTED_FOUNDATION,Wave 3,hazards/tsunami-alert.js,prototype/js/earthus2/v03/hazards/tsunami-alert.js,DOMAIN_ENGINE,PRESERVE_AND_REUSE; NO_RENAME; NO_NEW_ENGINE_UNLESS_GAP_EVIDENCE,PRESERVE_EXISTING_ID
HAZ-006,Tsunami Travel-Time Visualizer,Hazard,P1,IMPLEMENTED_FOUNDATION,Wave 3,hazards/tsunami-alert.js,prototype/js/earthus2/v03/hazards/tsunami-alert.js,DOMAIN_ENGINE,PRESERVE_AND_REUSE; NO_RENAME; NO_NEW_ENGINE_UNLESS_GAP_EVIDENCE,PRESERVE_EXISTING_ID
HAZ-007,Lightning Cell Tracking Engine,Hazard,P1,IMPLEMENTED_FOUNDATION,Wave 3,hazards/lightning-track.js,prototype/js/earthus2/v03/hazards/lightning-track.js,DOMAIN_ENGINE,PRESERVE_AND_REUSE; NO_RENAME; NO_NEW_ENGINE_UNLESS_GAP_EVIDENCE,PRESERVE_EXISTING_ID
HAZ-008,Wildfire Hotspot Fusion Engine,Hazard,P1,IMPLEMENTED_FOUNDATION,Wave 3,hazards/wildfire-smoke.js,prototype/js/earthus2/v03/hazards/wildfire-smoke.js,DOMAIN_ENGINE,PRESERVE_AND_REUSE; NO_RENAME; NO_NEW_ENGINE_UNLESS_GAP_EVIDENCE,PRESERVE_EXISTING_ID
HAZ-009,Smoke Exposure Engine,Hazard,P1,IMPLEMENTED_FOUNDATION,Wave 3,hazards/wildfire-smoke.js,prototype/js/earthus2/v03/hazards/wildfire-smoke.js,DOMAIN_ENGINE,PRESERVE_AND_REUSE; NO_RENAME; NO_NEW_ENGINE_UNLESS_GAP_EVIDENCE,PRESERVE_EXISTING_ID
HAZ-010,Cyclone Multi-Agency Track Resolver,Hazard,P1,IMPLEMENTED_FOUNDATION,Wave 3,hazards/cyclone-resolver.js,prototype/js/earthus2/v03/hazards/cyclone-resolver.js,DOMAIN_ENGINE,PRESERVE_AND_REUSE; NO_RENAME; NO_NEW_ENGINE_UNLESS_GAP_EVIDENCE,PRESERVE_EXISTING_ID
HAZ-011,Cross-Agency Event Fusion Engine,Hazard,P1,IMPLEMENTED_FOUNDATION,Wave 3,hazards/event-fusion.js,prototype/js/earthus2/v04/hazards/event-fusion.js,FUSION_STATE_ORCHESTRATION,REUSE_AS_INTELLIGENCE_CORE_OR_SUPPORT; EXTEND_BY_CONTRACT/ADAPTER_ONLY,PRESERVE_EXISTING_ID
HF-001,Spatiotemporal Fusion,Human Flow,P1,IMPLEMENTED_FOUNDATION,Wave 2,human-flow/spatiotemporal-fusion.js,prototype/js/earthus2/v04/human-flow/spatiotemporal-fusion.js,FUSION_STATE_ORCHESTRATION,PRESERVE_AND_REUSE; NO_RENAME; NO_NEW_ENGINE_UNLESS_GAP_EVIDENCE,PRESERVE_EXISTING_ID
HF-002,Earthus Spatial Cell Registry,Human Flow,P1,IMPLEMENTED_FOUNDATION,Wave 2,human-flow/spatial-cell-registry.js,prototype/js/earthus2/v04/human-flow/spatial-cell-registry.js,DOMAIN_ENGINE,PRESERVE_AND_REUSE; NO_RENAME; NO_NEW_ENGINE_UNLESS_GAP_EVIDENCE,PRESERVE_EXISTING_ID
HF-003,Density Algorithm,Human Flow,P1,IMPLEMENTED_FOUNDATION,Wave 2,human-flow/algorithms.js,prototype/js/earthus2/v02/human-flow/algorithms.js,DOMAIN_ENGINE,PRESERVE_AND_REUSE; NO_RENAME; NO_NEW_ENGINE_UNLESS_GAP_EVIDENCE,PRESERVE_EXISTING_ID
HF-004,Trend Algorithm,Human Flow,P1,IMPLEMENTED_FOUNDATION,Wave 2,human-flow/algorithms.js,prototype/js/earthus2/v02/human-flow/algorithms.js,DOMAIN_ENGINE,PRESERVE_AND_REUSE; NO_RENAME; NO_NEW_ENGINE_UNLESS_GAP_EVIDENCE,PRESERVE_EXISTING_ID
HF-005,Evidence-limited Flow Algorithm,Human Flow,P1,IMPLEMENTED_FOUNDATION,Wave 2,human-flow/algorithms.js,prototype/js/earthus2/v02/human-flow/algorithms.js,DOMAIN_ENGINE,PRESERVE_AND_REUSE; NO_RENAME; NO_NEW_ENGINE_UNLESS_GAP_EVIDENCE,PRESERVE_EXISTING_ID
HF-006,Baseline Crowd Forecast v0,Human Flow,P1,IMPLEMENTED_FOUNDATION,Wave 2,human-flow/algorithms.js,prototype/js/earthus2/v02/human-flow/algorithms.js,DOMAIN_ENGINE,PRESERVE_AND_REUSE; NO_RENAME; NO_NEW_ENGINE_UNLESS_GAP_EVIDENCE,PRESERVE_EXISTING_ID
HF-007,Ground Truth Verification,Human Flow,P1,IMPLEMENTED_FOUNDATION,Wave 2,human-flow/forecast-lifecycle.js,prototype/js/earthus2/v02/human-flow/forecast-lifecycle.js,DOMAIN_ENGINE,PRESERVE_AND_REUSE; NO_RENAME; NO_NEW_ENGINE_UNLESS_GAP_EVIDENCE,PRESERVE_EXISTING_ID
HF-008,Calibration Loop v1,Human Flow,P1,IMPLEMENTED_FOUNDATION,Wave 2,human-flow/forecast-lifecycle.js,prototype/js/earthus2/v02/human-flow/forecast-lifecycle.js,DOMAIN_ENGINE,PRESERVE_AND_REUSE; NO_RENAME; NO_NEW_ENGINE_UNLESS_GAP_EVIDENCE,PRESERVE_EXISTING_ID
HF-009,Confidence Engine,Human Flow,P1,IMPLEMENTED_FOUNDATION,Wave 2,core/confidence.js,prototype/js/earthus2/v02/core/confidence.js,CONFIDENCE_UNCERTAINTY,REUSE/HARDEN_CONFIDENCE; NUMERIC_CONFIDENCE_REQUIRES_CALIBRATION,PRESERVE_EXISTING_ID
HF-010,Anomaly Engine,Human Flow,P1,IMPLEMENTED_FOUNDATION,Wave 2,human-flow/algorithms.js,prototype/js/earthus2/v02/human-flow/algorithms.js,DOMAIN_ENGINE,PRESERVE_AND_REUSE; NO_RENAME; NO_NEW_ENGINE_UNLESS_GAP_EVIDENCE,PRESERVE_EXISTING_ID
HF-011,Capacity Engine,Human Flow,P1,IMPLEMENTED_FOUNDATION,Wave 2,human-flow/algorithms.js,prototype/js/earthus2/v02/human-flow/algorithms.js,DOMAIN_ENGINE,PRESERVE_AND_REUSE; NO_RENAME; NO_NEW_ENGINE_UNLESS_GAP_EVIDENCE,PRESERVE_EXISTING_ID
HF-012,Risk Hard-Gate Engine,Human Flow,P1,IMPLEMENTED_FOUNDATION,Wave 2,human-flow/algorithms.js,prototype/js/earthus2/v02/human-flow/algorithms.js,DOMAIN_ENGINE,PRESERVE_AND_REUSE; NO_RENAME; NO_NEW_ENGINE_UNLESS_GAP_EVIDENCE,PRESERVE_EXISTING_ID
HF-013,Spatial Graph Engine,Human Flow,P1,IMPLEMENTED_FOUNDATION,Wave 2,human-flow/spatial-graph.js,prototype/js/earthus2/v02/human-flow/spatial-graph.js,DOMAIN_ENGINE,PRESERVE_AND_REUSE; NO_RENAME; NO_NEW_ENGINE_UNLESS_GAP_EVIDENCE,PRESERVE_EXISTING_ID
HF-014,Spatial Digital Twin,Human Flow,P2,IMPLEMENTED_FOUNDATION,Wave 4,human-flow/digital-twin.js,prototype/js/earthus2/v04/human-flow/digital-twin.js,SCENARIO_COUNTERFACTUAL_SUPPORT,REUSE_FOR_DIGITAL_STATE_BASELINE; DO_NOT_RENAME,PRESERVE_EXISTING_ID
HF-015,Domain Policy Registry,Human Flow,P1,IMPLEMENTED_FOUNDATION,Wave 2,core/domain-policy.js,prototype/js/earthus2/v02/core/domain-policy.js,DOMAIN_ENGINE,PRESERVE_AND_REUSE; NO_RENAME; NO_NEW_ENGINE_UNLESS_GAP_EVIDENCE,PRESERVE_EXISTING_ID
HF-016,Best Window Engine,Human Flow,P1,IMPLEMENTED_FOUNDATION,Wave 2,core/domain-policy.js,prototype/js/earthus2/v02/core/domain-policy.js,DOMAIN_ENGINE,PRESERVE_AND_REUSE; NO_RENAME; NO_NEW_ENGINE_UNLESS_GAP_EVIDENCE,PRESERVE_EXISTING_ID
HF-017,Watch and Notification Decision,Human Flow,P1,IMPLEMENTED_FOUNDATION,Wave 2,human-flow/watch-notification-decision.js,prototype/js/earthus2/v05/human-flow/watch-notification-decision.js,DOMAIN_ENGINE,PRESERVE_AND_REUSE; NO_RENAME; NO_NEW_ENGINE_UNLESS_GAP_EVIDENCE,PRESERVE_EXISTING_ID
HF-018,Human Flow Scenario,Human Flow,P2,IMPLEMENTED_FOUNDATION,Wave 4,human-flow/scenario.js,prototype/js/earthus2/v04/human-flow/scenario.js,SCENARIO_COUNTERFACTUAL_SUPPORT,REUSE_FOR_SCENARIO_SANDBOX; COUNTERFACTUAL_CONTRACT_IS_OVERLAY_NOT_NEW_ENGINE_ID,PRESERVE_EXISTING_ID
HYD-001,Hydrography Network,Hydrology,P1,IMPLEMENTED_FOUNDATION,Wave 4,hydrology/hydrography-network.js,prototype/js/earthus2/v02/hydrology/hydrography-network.js,DOMAIN_ENGINE,PRESERVE_AND_REUSE; NO_RENAME; NO_NEW_ENGINE_UNLESS_GAP_EVIDENCE,PRESERVE_EXISTING_ID
HYD-002,River Visual Network Adapter,Hydrology,P1,IMPLEMENTED_FOUNDATION,Wave 4,hydrology/river-visual-network.js,prototype/js/earthus2/v04/hydrology/river-visual-network.js,DOMAIN_ENGINE,PRESERVE_AND_REUSE; NO_RENAME; NO_NEW_ENGINE_UNLESS_GAP_EVIDENCE,PRESERVE_EXISTING_ID
HYD-003,Runoff Engine,Hydrology,P2,IMPLEMENTED_FOUNDATION,Wave 4,hydrology/runoff-routing.js,prototype/js/earthus2/v02/hydrology/runoff-routing.js,DOMAIN_ENGINE,PRESERVE_AND_REUSE; NO_RENAME; NO_NEW_ENGINE_UNLESS_GAP_EVIDENCE,PRESERVE_EXISTING_ID
HYD-004,River Routing Engine,Hydrology,P2,IMPLEMENTED_FOUNDATION,Wave 4,hydrology/runoff-routing.js,prototype/js/earthus2/v02/hydrology/runoff-routing.js,DOMAIN_ENGINE,PRESERVE_AND_REUSE; NO_RENAME; NO_NEW_ENGINE_UNLESS_GAP_EVIDENCE,PRESERVE_EXISTING_ID
HYD-005,Flood/Inundation Scenario,Hydrology,P2,IMPLEMENTED_FOUNDATION,Wave 4,hydrology/runoff-routing.js,prototype/js/earthus2/v02/hydrology/runoff-routing.js,SCENARIO_COUNTERFACTUAL_SUPPORT,REUSE_FOR_SCENARIO_SANDBOX; COUNTERFACTUAL_CONTRACT_IS_OVERLAY_NOT_NEW_ENGINE_ID,PRESERVE_EXISTING_ID
HYD-006,Tsunami Bathymetric Propagation,Hydrology,P2,FUTURE_VISION,Wave 4,None,,LOCKED_FUTURE,KEEP_LOCKED_NO_IMPLEMENTATION_WITHOUT_GAP_GATE,PRESERVE_EXISTING_ID
INT-001,Planet State Graph,Intelligence,P1,IMPLEMENTED_FOUNDATION,Wave 4,intelligence/planet-state-graph.js,prototype/js/earthus2/v03/intelligence/planet-state-graph.js,EVENT_REASONING_INTELLIGENCE,REUSE_FOR_DIGITAL_STATE_BASELINE; DO_NOT_RENAME,PRESERVE_EXISTING_ID
INT-002,Cross-Domain Correlation Engine,Intelligence,P1,IMPLEMENTED_FOUNDATION,Wave 4,intelligence/correlation.js,prototype/js/earthus2/v03/intelligence/correlation.js,EVENT_REASONING_INTELLIGENCE,REUSE_FOR_EVIDENCE_RELATION; CORRELATION/CAUSE_CANDIDATE_MUST_NOT_BE_PROMOTED_TO_PROVEN_CAUSE,PRESERVE_EXISTING_ID
INT-003,Analog Event Retrieval Engine,Intelligence,P1,IMPLEMENTED_FOUNDATION,Wave 4,intelligence/analog-retrieval.js,prototype/js/earthus2/v03/intelligence/analog-retrieval.js,EVENT_REASONING_INTELLIGENCE,REUSE_AS_INTELLIGENCE_CORE_OR_SUPPORT; EXTEND_BY_CONTRACT/ADAPTER_ONLY,PRESERVE_EXISTING_ID
INT-004,Regime Detection Engine,Intelligence,P1,IMPLEMENTED_FOUNDATION,Wave 4,intelligence/regime-detector.js,prototype/js/earthus2/v03/intelligence/regime-detector.js,EVENT_REASONING_INTELLIGENCE,REUSE_AS_INTELLIGENCE_CORE_OR_SUPPORT; EXTEND_BY_CONTRACT/ADAPTER_ONLY,PRESERVE_EXISTING_ID
INT-005,Personal Impact Engine,Intelligence,P1,IMPLEMENTED_FOUNDATION,Wave 4,intelligence/personal-impact.js,prototype/js/earthus2/v03/intelligence/personal-impact.js,EVENT_REASONING_INTELLIGENCE,REUSE_AS_INTELLIGENCE_CORE_OR_SUPPORT; EXTEND_BY_CONTRACT/ADAPTER_ONLY,PRESERVE_EXISTING_ID
INT-006,Route Exposure Engine,Intelligence,P1,IMPLEMENTED_FOUNDATION,Wave 4,intelligence/route-exposure.js,prototype/js/earthus2/v03/intelligence/route-exposure.js,EVENT_REASONING_INTELLIGENCE,REUSE_AS_INTELLIGENCE_CORE_OR_SUPPORT; EXTEND_BY_CONTRACT/ADAPTER_ONLY,PRESERVE_EXISTING_ID
INT-007,Decision Explanation Engine,Intelligence,P1,IMPLEMENTED_FOUNDATION,Wave 4,intelligence/decision-explanation.js,prototype/js/earthus2/v03/intelligence/decision-explanation.js,EVENT_REASONING_INTELLIGENCE,REUSE_AS_INTELLIGENCE_CORE_OR_SUPPORT; EXTEND_BY_CONTRACT/ADAPTER_ONLY,PRESERVE_EXISTING_ID
INT-008,Event Story Orchestrator,Intelligence,P1,IMPLEMENTED_FOUNDATION,Wave 4,intelligence/story-orchestrator.js,prototype/js/earthus2/v03/intelligence/story-orchestrator.js,EVENT_REASONING_INTELLIGENCE,REUSE_AS_INTELLIGENCE_CORE_OR_SUPPORT; EXTEND_BY_CONTRACT/ADAPTER_ONLY,PRESERVE_EXISTING_ID
OCN-001,Ocean State Fusion Engine,Ocean,P1,IMPLEMENTED_FOUNDATION,Wave 3,ocean/ocean-state.js,prototype/js/earthus2/v03/ocean/ocean-state.js,FUSION_STATE_ORCHESTRATION,PRESERVE_AND_REUSE; NO_RENAME; NO_NEW_ENGINE_UNLESS_GAP_EVIDENCE,PRESERVE_EXISTING_ID
OCN-002,Surface Current Vector Engine,Ocean,P1,IMPLEMENTED_FOUNDATION,Wave 3,ocean/ocean-state.js,prototype/js/earthus2/v03/ocean/ocean-state.js,DOMAIN_ENGINE,PRESERVE_AND_REUSE; NO_RENAME; NO_NEW_ENGINE_UNLESS_GAP_EVIDENCE,PRESERVE_EXISTING_ID
OCN-003,Wave State Engine,Ocean,P1,IMPLEMENTED_FOUNDATION,Wave 3,ocean/wave-engine.js,prototype/js/earthus2/v03/ocean/wave-engine.js,DOMAIN_ENGINE,PRESERVE_AND_REUSE; NO_RENAME; NO_NEW_ENGINE_UNLESS_GAP_EVIDENCE,PRESERVE_EXISTING_ID
OCN-004,Swell Arrival Engine,Ocean,P1,IMPLEMENTED_FOUNDATION,Wave 3,ocean/swell-arrival.js,prototype/js/earthus2/v03/ocean/swell-arrival.js,DOMAIN_ENGINE,PRESERVE_AND_REUSE; NO_RENAME; NO_NEW_ENGINE_UNLESS_GAP_EVIDENCE,PRESERVE_EXISTING_ID
OCN-005,Tide and Sea-Level Engine,Ocean,P1,IMPLEMENTED_FOUNDATION,Wave 3,ocean/tide-sea-level.js,prototype/js/earthus2/v03/ocean/tide-sea-level.js,DOMAIN_ENGINE,PRESERVE_AND_REUSE; NO_RENAME; NO_NEW_ENGINE_UNLESS_GAP_EVIDENCE,PRESERVE_EXISTING_ID
OCN-006,Marine Observation Fusion,Ocean,P1,IMPLEMENTED_FOUNDATION,Wave 3,ocean/marine-observation.js,prototype/js/earthus2/v03/ocean/marine-observation.js,FUSION_STATE_ORCHESTRATION,PRESERVE_AND_REUSE; NO_RENAME; NO_NEW_ENGINE_UNLESS_GAP_EVIDENCE,PRESERVE_EXISTING_ID
OCN-007,SST Front and Eddy Feature Engine,Ocean,P1,IMPLEMENTED_FOUNDATION,Wave 3,ocean/sst-features.js,prototype/js/earthus2/v03/ocean/sst-features.js,DOMAIN_ENGINE,PRESERVE_AND_REUSE; NO_RENAME; NO_NEW_ENGINE_UNLESS_GAP_EVIDENCE,PRESERVE_EXISTING_ID
OCN-008,Coastal Exposure Engine,Ocean,P1,IMPLEMENTED_FOUNDATION,Wave 3,ocean/coastal-exposure.js,prototype/js/earthus2/v03/ocean/coastal-exposure.js,DOMAIN_ENGINE,PRESERVE_AND_REUSE; NO_RENAME; NO_NEW_ENGINE_UNLESS_GAP_EVIDENCE,PRESERVE_EXISTING_ID
OPS-001,Provider Health Engine,Operations/Governance,P0,IMPLEMENTED_FOUNDATION,Wave 1,ops/provider-health.js,prototype/js/earthus2/v02/ops/provider-health.js,OPS_GOVERNANCE,PRESERVE_AND_REUSE; NO_RENAME; NO_NEW_ENGINE_UNLESS_GAP_EVIDENCE,PRESERVE_EXISTING_ID
OPS-002,Circuit Breaker and Backoff,Operations/Governance,P1,IMPLEMENTED_FOUNDATION,Wave 3,ops/provider-health.js,prototype/js/earthus2/v02/ops/provider-health.js,OPS_GOVERNANCE,PRESERVE_AND_REUSE; NO_RENAME; NO_NEW_ENGINE_UNLESS_GAP_EVIDENCE,PRESERVE_EXISTING_ID
OPS-003,Job Dependency DAG,Operations/Governance,P1,IMPLEMENTED_FOUNDATION,Wave 3,ops/job-dag.js,prototype/js/earthus2/v04/ops/job-dag.js,OPS_GOVERNANCE,PRESERVE_AND_REUSE; NO_RENAME; NO_NEW_ENGINE_UNLESS_GAP_EVIDENCE,PRESERVE_EXISTING_ID
OPS-004,Dead Letter Recovery,Operations/Governance,P1,IMPLEMENTED_FOUNDATION,Wave 3,ops/dead-letter-recovery.js,prototype/js/earthus2/v04/ops/dead-letter-recovery.js,OPS_GOVERNANCE,PRESERVE_AND_REUSE; NO_RENAME; NO_NEW_ENGINE_UNLESS_GAP_EVIDENCE,PRESERVE_EXISTING_ID
OPS-005,Freshness SLO Registry,Operations/Governance,P1,IMPLEMENTED_FOUNDATION,Wave 3,ops/freshness-slo.js,prototype/js/earthus2/v04/ops/freshness-slo.js,EVIDENCE_TRUTH_DATA,REUSE_AS_INTELLIGENCE_CORE_OR_SUPPORT; EXTEND_BY_CONTRACT/ADAPTER_ONLY,PRESERVE_EXISTING_ID
OPS-006,ModelOps Lifecycle,Operations/Governance,P1,IMPLEMENTED_FOUNDATION,Wave 3,ops/modelops.js,prototype/js/earthus2/v02/ops/modelops.js,OPS_GOVERNANCE,REUSE_AS_INTELLIGENCE_CORE_OR_SUPPORT; EXTEND_BY_CONTRACT/ADAPTER_ONLY,PRESERVE_EXISTING_ID
OPS-007,Champion/Challenger Selector,Operations/Governance,P1,IMPLEMENTED_FOUNDATION,Wave 3,ops/modelops.js,prototype/js/earthus2/v02/ops/modelops.js,OPS_GOVERNANCE,REUSE_AS_INTELLIGENCE_CORE_OR_SUPPORT; EXTEND_BY_CONTRACT/ADAPTER_ONLY,PRESERVE_EXISTING_ID
OPS-008,Country Data Passport Compiler,Operations/Governance,P1,IMPLEMENTED_FOUNDATION,Wave 3,ops/readiness-compiler.js,prototype/js/earthus2/v02/ops/readiness-compiler.js,OPS_GOVERNANCE,PRESERVE_AND_REUSE; NO_RENAME; NO_NEW_ENGINE_UNLESS_GAP_EVIDENCE,PRESERVE_EXISTING_ID
OPS-009,Observation Gap Lens,Operations/Governance,P1,IMPLEMENTED_FOUNDATION,Wave 3,ops/observation-gap.js,prototype/js/earthus2/v02/ops/observation-gap.js,OPS_GOVERNANCE,REUSE_AS_INTELLIGENCE_CORE_OR_SUPPORT; EXTEND_BY_CONTRACT/ADAPTER_ONLY,PRESERVE_EXISTING_ID
OPS-010,Cost Observability,Operations/Governance,P1,IMPLEMENTED_FOUNDATION,Wave 3,ops/cost-observability.js,prototype/js/earthus2/v02/ops/cost-observability.js,OPS_GOVERNANCE,PRESERVE_AND_REUSE; NO_RENAME; NO_NEW_ENGINE_UNLESS_GAP_EVIDENCE,PRESERVE_EXISTING_ID
OPS-011,Cost-to-Value Scheduler,Operations/Governance,P1,IMPLEMENTED_FOUNDATION,Wave 3,ops/cost-observability.js,prototype/js/earthus2/v02/ops/cost-observability.js,OPS_GOVERNANCE,PRESERVE_AND_REUSE; NO_RENAME; NO_NEW_ENGINE_UNLESS_GAP_EVIDENCE,PRESERVE_EXISTING_ID
OPS-012,Rollback Engine,Operations/Governance,P1,IMPLEMENTED_FOUNDATION,Wave 3,ops/rollback-engine.js,prototype/js/earthus2/v04/ops/rollback-engine.js,OPS_GOVERNANCE,PRESERVE_AND_REUSE; NO_RENAME; NO_NEW_ENGINE_UNLESS_GAP_EVIDENCE,PRESERVE_EXISTING_ID
OPS-013,Performance and Thermal Lab,Operations/Governance,P1,IMPLEMENTED_FOUNDATION,Wave 3,ops/performance-lab.js,prototype/js/earthus2/v04/ops/performance-lab.js,OPS_GOVERNANCE,PRESERVE_AND_REUSE; NO_RENAME; NO_NEW_ENGINE_UNLESS_GAP_EVIDENCE,PRESERVE_EXISTING_ID
OPS-014,Regional Standards and Localization,Operations/Governance,P1,IMPLEMENTED_FOUNDATION,Wave 3,core/localization.js,prototype/js/earthus2/v02/core/localization.js,OPS_GOVERNANCE,PRESERVE_AND_REUSE; NO_RENAME; NO_NEW_ENGINE_UNLESS_GAP_EVIDENCE,PRESERVE_EXISTING_ID
OPS-015,Platform Delivery Capability Gate,Operations/Governance,P1,IMPLEMENTED_FOUNDATION,Wave 3,core/platform-capability.js,prototype/js/earthus2/v02/core/platform-capability.js,OPS_GOVERNANCE,PRESERVE_AND_REUSE; NO_RENAME; NO_NEW_ENGINE_UNLESS_GAP_EVIDENCE,PRESERVE_EXISTING_ID
OPS-016,Source Governance and Paid Use,Operations/Governance,P1,IMPLEMENTED_FOUNDATION,Wave 3,ops/source-governance-paid-use.js,prototype/js/earthus2/v05/ops/source-governance-paid-use.js,OPS_GOVERNANCE,PRESERVE_AND_REUSE; NO_RENAME; NO_NEW_ENGINE_UNLESS_GAP_EVIDENCE,PRESERVE_EXISTING_ID
OPS-017,Fail-Soft Scene Profile Compiler,Operations/Governance,P1,IMPLEMENTED_FOUNDATION,Wave 3,core/fail-soft-scene.js,prototype/js/earthus2/v02/core/fail-soft-scene.js,OPS_GOVERNANCE,PRESERVE_AND_REUSE; NO_RENAME; NO_NEW_ENGINE_UNLESS_GAP_EVIDENCE,PRESERVE_EXISTING_ID
OPS-018,Trust Ledger Drill-down,Operations/Governance,P1,IMPLEMENTED_FOUNDATION,Wave 3,core/trust-ledger.js,prototype/js/earthus2/v02/core/trust-ledger.js,EVIDENCE_TRUTH_DATA,REUSE_AS_INTELLIGENCE_CORE_OR_SUPPORT; EXTEND_BY_CONTRACT/ADAPTER_ONLY,PRESERVE_EXISTING_ID
OPS-019,Engine Reuse Enforcement Gate,Operations/Governance,P0,IMPLEMENTED_FOUNDATION,Wave 0,ops/engine-reuse-enforcer.js,prototype/js/earthus2/v04/ops/engine-reuse-enforcer.js,OPS_GOVERNANCE,PRESERVE_AND_REUSE; NO_RENAME; NO_NEW_ENGINE_UNLESS_GAP_EVIDENCE,PRESERVE_EXISTING_ID
PAY-001,Entitlement Engine,Paid/Business,P0,IMPLEMENTED_FOUNDATION,Wave 1,paid/entitlement.js,prototype/js/earthus2/v02/paid/entitlement.js,DELIVERY_BUSINESS,PRESERVE_AND_REUSE; NO_RENAME; NO_NEW_ENGINE_UNLESS_GAP_EVIDENCE,PRESERVE_EXISTING_ID
PAY-002,Intelligence Panel Orchestrator,Paid/Business,P0,IMPLEMENTED_FOUNDATION,Wave 1,paid/intelligence-orchestrator.js,prototype/js/earthus2/v02/paid/intelligence-orchestrator.js,DELIVERY_BUSINESS,REUSE_AS_INTELLIGENCE_CORE_OR_SUPPORT; EXTEND_BY_CONTRACT/ADAPTER_ONLY,PRESERVE_EXISTING_ID
PAY-003,Usage Metering,Paid/Business,P1,IMPLEMENTED_FOUNDATION,Wave 4,paid/usage-metering.js,prototype/js/earthus2/v02/paid/usage-metering.js,DELIVERY_BUSINESS,PRESERVE_AND_REUSE; NO_RENAME; NO_NEW_ENGINE_UNLESS_GAP_EVIDENCE,PRESERVE_EXISTING_ID
PAY-004,Quota Engine,Paid/Business,P1,IMPLEMENTED_FOUNDATION,Wave 4,paid/usage-metering.js,prototype/js/earthus2/v02/paid/usage-metering.js,DELIVERY_BUSINESS,PRESERVE_AND_REUSE; NO_RENAME; NO_NEW_ENGINE_UNLESS_GAP_EVIDENCE,PRESERVE_EXISTING_ID
PAY-005,Personal Context Engine,Paid/Business,P1,IMPLEMENTED_FOUNDATION,Wave 4,paid/personal-context.js,prototype/js/earthus2/v04/paid/personal-context.js,DELIVERY_BUSINESS,PRESERVE_AND_REUSE; NO_RENAME; NO_NEW_ENGINE_UNLESS_GAP_EVIDENCE,PRESERVE_EXISTING_ID
PAY-006,Comparison Engine,Paid/Business,P1,IMPLEMENTED_FOUNDATION,Wave 4,paid/comparison.js,prototype/js/earthus2/v04/paid/comparison.js,SCENARIO_COUNTERFACTUAL_SUPPORT,REUSE_AS_INTELLIGENCE_CORE_OR_SUPPORT; EXTEND_BY_CONTRACT/ADAPTER_ONLY,PRESERVE_EXISTING_ID
PAY-007,Scenario Engine,Paid/Business,P2,IMPLEMENTED_FOUNDATION,Wave 4,paid/scenario.js,prototype/js/earthus2/v04/paid/scenario.js,SCENARIO_COUNTERFACTUAL_SUPPORT,REUSE_FOR_SCENARIO_SANDBOX; COUNTERFACTUAL_CONTRACT_IS_OVERLAY_NOT_NEW_ENGINE_ID,PRESERVE_EXISTING_ID
PAY-008,Report and API Engine,Paid/Business,P2,IMPLEMENTED_FOUNDATION,Wave 4,paid/report-api-engine.js,prototype/js/earthus2/v05/paid/report-api-engine.js,DELIVERY_BUSINESS,PRESERVE_AND_REUSE; NO_RENAME; NO_NEW_ENGINE_UNLESS_GAP_EVIDENCE,PRESERVE_EXISTING_ID
PAY-009,Country Unlock Ledger,Paid/Business,P1,IMPLEMENTED_FOUNDATION,Wave 4,paid/country-unlock.js,prototype/js/earthus2/v02/paid/country-unlock.js,DELIVERY_BUSINESS,PRESERVE_AND_REUSE; NO_RENAME; NO_NEW_ENGINE_UNLESS_GAP_EVIDENCE,PRESERVE_EXISTING_ID
PAY-010,Commercial Rights Gate,Paid/Business,P0,IMPLEMENTED_FOUNDATION,Wave 1,paid/rights-gate.js,prototype/js/earthus2/v02/paid/rights-gate.js,DELIVERY_BUSINESS,PRESERVE_AND_REUSE; NO_RENAME; NO_NEW_ENGINE_UNLESS_GAP_EVIDENCE,PRESERVE_EXISTING_ID
PAY-011,Subscription State Engine,Paid/Business,P1,IMPLEMENTED_FOUNDATION,Wave 4,paid/subscription-state.js,prototype/js/earthus2/v04/paid/subscription-state.js,DELIVERY_BUSINESS,PRESERVE_AND_REUSE; NO_RENAME; NO_NEW_ENGINE_UNLESS_GAP_EVIDENCE,PRESERVE_EXISTING_ID
PAY-012,Premium Cache Engine,Paid/Business,P1,IMPLEMENTED_FOUNDATION,Wave 4,paid/premium-cache.js,prototype/js/earthus2/v04/paid/premium-cache.js,DELIVERY_BUSINESS,PRESERVE_AND_REUSE; NO_RENAME; NO_NEW_ENGINE_UNLESS_GAP_EVIDENCE,PRESERVE_EXISTING_ID
PAY-013,Offline Trip Pack,Paid/Business,VNEXT,IMPLEMENTED_FOUNDATION,Wave 4,paid/offline-trip-pack.js,prototype/js/earthus2/v02/paid/offline-trip-pack.js,DELIVERY_BUSINESS,PRESERVE_AND_REUSE; NO_RENAME; NO_NEW_ENGINE_UNLESS_GAP_EVIDENCE,PRESERVE_EXISTING_ID
QA-001,Engine Contract Harness,Quality,P0,IMPLEMENTED_FOUNDATION,Wave 1,qa/contract-harness.js,prototype/js/earthus2/v03/qa/contract-harness.js,OPS_GOVERNANCE,PRESERVE_AND_REUSE; NO_RENAME; NO_NEW_ENGINE_UNLESS_GAP_EVIDENCE,PRESERVE_EXISTING_ID
QA-002,Fault Injection Engine,Quality,P1,IMPLEMENTED_FOUNDATION,Wave 1,qa/fault-injection.js,prototype/js/earthus2/v03/qa/fault-injection.js,OPS_GOVERNANCE,PRESERVE_AND_REUSE; NO_RENAME; NO_NEW_ENGINE_UNLESS_GAP_EVIDENCE,PRESERVE_EXISTING_ID
QA-003,Replay Regression Engine,Quality,P1,IMPLEMENTED_FOUNDATION,Wave 1,qa/replay-regression.js,prototype/js/earthus2/v03/qa/replay-regression.js,OPS_GOVERNANCE,REUSE_AS_INTELLIGENCE_CORE_OR_SUPPORT; EXTEND_BY_CONTRACT/ADAPTER_ONLY,PRESERVE_EXISTING_ID
QA-004,Launch Gate Compiler,Quality,P0,IMPLEMENTED_FOUNDATION,Wave 1,qa/launch-gate.js,prototype/js/earthus2/v03/qa/launch-gate.js,OPS_GOVERNANCE,PRESERVE_AND_REUSE; NO_RENAME; NO_NEW_ENGINE_UNLESS_GAP_EVIDENCE,PRESERVE_EXISTING_ID
QA-005,Completion Evidence Compiler,Quality,P0,IMPLEMENTED_FOUNDATION,Wave 0,qa/completion-evidence.js,prototype/js/earthus2/v04/qa/completion-evidence.js,OPS_GOVERNANCE,REUSE_AS_INTELLIGENCE_CORE_OR_SUPPORT; EXTEND_BY_CONTRACT/ADAPTER_ONLY,PRESERVE_EXISTING_ID
SEC-001,Secret Redaction Middleware,Security,P0,IMPLEMENTED_FOUNDATION,Wave 1,security/redaction.js,prototype/js/earthus2/v03/security/redaction.js,OPS_GOVERNANCE,PRESERVE_AND_REUSE; NO_RENAME; NO_NEW_ENGINE_UNLESS_GAP_EVIDENCE,PRESERVE_EXISTING_ID
SEC-002,Public Endpoint Abuse Guard,Security,P1,IMPLEMENTED_FOUNDATION,Wave 1,security/abuse-guard.js,prototype/js/earthus2/v03/security/abuse-guard.js,OPS_GOVERNANCE,PRESERVE_AND_REUSE; NO_RENAME; NO_NEW_ENGINE_UNLESS_GAP_EVIDENCE,PRESERVE_EXISTING_ID
SEC-003,Privacy Minimization Engine,Security,P1,IMPLEMENTED_FOUNDATION,Wave 1,security/privacy-minimization.js,prototype/js/earthus2/v03/security/privacy-minimization.js,OPS_GOVERNANCE,PRESERVE_AND_REUSE; NO_RENAME; NO_NEW_ENGINE_UNLESS_GAP_EVIDENCE,PRESERVE_EXISTING_ID
SEC-004,Access Audit Ledger,Security,P1,IMPLEMENTED_FOUNDATION,Wave 1,security/audit-ledger.js,prototype/js/earthus2/v03/security/audit-ledger.js,OPS_GOVERNANCE,PRESERVE_AND_REUSE; NO_RENAME; NO_NEW_ENGINE_UNLESS_GAP_EVIDENCE,PRESERVE_EXISTING_ID
SPC-001,Earthus-Aetherus Space Event Bridge,Space,P2,IMPLEMENTED_FOUNDATION,Wave 4,space/space-event-bridge.js,prototype/js/earthus2/v03/space/space-event-bridge.js,EARTH_SPACE_BRIDGE,RETAIN_EARTHUS_AETHERUS_BRIDGE; PRESERVE_SPACE_UNCERTAINTY/SCREENING_LABELS,PRESERVE_EXISTING_ID
SPC-002,Launch Event Lifecycle Engine,Space,P2,IMPLEMENTED_FOUNDATION,Wave 4,space/launch-event.js,prototype/js/earthus2/v03/space/launch-event.js,EARTH_SPACE_BRIDGE,PRESERVE_AND_REUSE; NO_RENAME; NO_NEW_ENGINE_UNLESS_GAP_EVIDENCE,PRESERVE_EXISTING_ID
SPC-003,Celestial Local Context Engine,Space,P2,IMPLEMENTED_FOUNDATION,Wave 4,space/celestial-context.js,prototype/js/earthus2/v03/space/celestial-context.js,EARTH_SPACE_BRIDGE,PRESERVE_AND_REUSE; NO_RENAME; NO_NEW_ENGINE_UNLESS_GAP_EVIDENCE,PRESERVE_EXISTING_ID
STO-001,Archive Packager,Storage/Archive,P1,IMPLEMENTED_FOUNDATION,Wave 3,storage/archive-packager.js,prototype/js/earthus2/v04/storage/archive-packager.js,OPS_GOVERNANCE,PRESERVE_AND_REUSE; NO_RENAME; NO_NEW_ENGINE_UNLESS_GAP_EVIDENCE,PRESERVE_EXISTING_ID
STO-002,NAS Archive Agent,Storage/Archive,P1,IMPLEMENTED_FOUNDATION,Wave 3,storage/nas-archive-agent.js,prototype/js/earthus2/v04/storage/nas-archive-agent.js,OPS_GOVERNANCE,PRESERVE_AND_REUSE; NO_RENAME; NO_NEW_ENGINE_UNLESS_GAP_EVIDENCE,PRESERVE_EXISTING_ID
STO-003,Archive State Machine,Storage/Archive,P1,IMPLEMENTED_FOUNDATION,Wave 3,storage/archive-state-machine.js,prototype/js/earthus2/v02/storage/archive-state-machine.js,OPS_GOVERNANCE,PRESERVE_AND_REUSE; NO_RENAME; NO_NEW_ENGINE_UNLESS_GAP_EVIDENCE,PRESERVE_EXISTING_ID
STO-004,Archive Verification and Deletion Gate,Storage/Archive,P1,IMPLEMENTED_FOUNDATION,Wave 3,storage/archive-verification.js,prototype/js/earthus2/v02/storage/archive-verification.js,OPS_GOVERNANCE,PRESERVE_AND_REUSE; NO_RENAME; NO_NEW_ENGINE_UNLESS_GAP_EVIDENCE,PRESERVE_EXISTING_ID
STO-005,Archive Catalog,Storage/Archive,P1,IMPLEMENTED_FOUNDATION,Wave 3,storage/archive-catalog.js,prototype/js/earthus2/v04/storage/archive-catalog.js,OPS_GOVERNANCE,PRESERVE_AND_REUSE; NO_RENAME; NO_NEW_ENGINE_UNLESS_GAP_EVIDENCE,PRESERVE_EXISTING_ID
STO-006,Restore Engine,Storage/Archive,P1,IMPLEMENTED_FOUNDATION,Wave 3,storage/restore-planner.js,prototype/js/earthus2/v02/storage/restore-planner.js,OPS_GOVERNANCE,PRESERVE_AND_REUSE; NO_RENAME; NO_NEW_ENGINE_UNLESS_GAP_EVIDENCE,PRESERVE_EXISTING_ID
STO-007,Retention and Storage Governor,Storage/Archive,P1,IMPLEMENTED_FOUNDATION,Wave 3,storage/archive-verification.js,prototype/js/earthus2/v02/storage/archive-verification.js,OPS_GOVERNANCE,PRESERVE_AND_REUSE; NO_RENAME; NO_NEW_ENGINE_UNLESS_GAP_EVIDENCE,PRESERVE_EXISTING_ID
STO-008,Delta Cloud Keyframe Pack,Storage/Archive,P1,IMPLEMENTED_FOUNDATION,Wave 3,storage/delta-pack.js,prototype/js/earthus2/v02/storage/delta-pack.js,OPS_GOVERNANCE,PRESERVE_AND_REUSE; NO_RENAME; NO_NEW_ENGINE_UNLESS_GAP_EVIDENCE,PRESERVE_EXISTING_ID
STO-009,Event Capsule Builder,Storage/Archive,P1,IMPLEMENTED_FOUNDATION,Wave 3,storage/event-capsule.js,prototype/js/earthus2/v02/storage/event-capsule.js,OPS_GOVERNANCE,PRESERVE_AND_REUSE; NO_RENAME; NO_NEW_ENGINE_UNLESS_GAP_EVIDENCE,PRESERVE_EXISTING_ID
STO-010,Replay Rehydration Engine,Storage/Archive,P2,IMPLEMENTED_FOUNDATION,Wave 3,storage/replay-rehydration.js,prototype/js/earthus2/v02/storage/replay-rehydration.js,OPS_GOVERNANCE,PRESERVE_AND_REUSE; NO_RENAME; NO_NEW_ENGINE_UNLESS_GAP_EVIDENCE,PRESERVE_EXISTING_ID
VIS-001,DATA TOWER,Visual,P0,IMPLEMENTED_FOUNDATION,Wave 1,visual/tower-runtime-v2.js,prototype/js/earthus2/v05/visual/tower-runtime-v2.js,EXPERIENCE_RENDER,PRESERVE_AND_REUSE; NO_RENAME; NO_NEW_ENGINE_UNLESS_GAP_EVIDENCE,PRESERVE_EXISTING_ID
VIS-002,DATA RELIEF,Visual,P1,REUSE_WITH_ADAPTER,Wave 1,geo/terrain-data-morph.js,prototype/js/earthus2/v02/geo/terrain-data-morph.js,EXPERIENCE_RENDER,PRESERVE_AND_REUSE; NO_RENAME; NO_NEW_ENGINE_UNLESS_GAP_EVIDENCE,PRESERVE_EXISTING_ID
VIS-003,DATA FIELD,Visual,P0,REUSE_WITH_ADAPTER,Wave 1,visual/visual-manifest.js,prototype/js/earthus2/v02/visual/visual-manifest.js,EXPERIENCE_RENDER,PRESERVE_AND_REUSE; NO_RENAME; NO_NEW_ENGINE_UNLESS_GAP_EVIDENCE,PRESERVE_EXISTING_ID
VIS-004,DATA FLOW,Visual,P1,REUSE_WITH_ADAPTER,Wave 1,visual/flow.js,prototype/js/earthus2/v02/visual/flow.js,EXPERIENCE_RENDER,PRESERVE_AND_REUSE; NO_RENAME; NO_NEW_ENGINE_UNLESS_GAP_EVIDENCE,PRESERVE_EXISTING_ID
VIS-005,DATA NETWORK,Visual,P1,IMPLEMENTED_FOUNDATION,Wave 1,human-flow/spatial-graph.js,prototype/js/earthus2/v02/human-flow/spatial-graph.js,EXPERIENCE_RENDER,PRESERVE_AND_REUSE; NO_RENAME; NO_NEW_ENGINE_UNLESS_GAP_EVIDENCE,PRESERVE_EXISTING_ID
VIS-006,DATA VOLUME,Visual,P1,IMPLEMENTED_FOUNDATION,Wave 1,visual/volume.js,prototype/js/earthus2/v02/visual/volume.js,EXPERIENCE_RENDER,PRESERVE_AND_REUSE; NO_RENAME; NO_NEW_ENGINE_UNLESS_GAP_EVIDENCE,PRESERVE_EXISTING_ID
VIS-007,DATA PULSE,Visual,P1,REUSE_WITH_ADAPTER,Wave 1,visual/semantic-linter.js,prototype/js/earthus2/v02/visual/semantic-linter.js,EXPERIENCE_RENDER,PRESERVE_AND_REUSE; NO_RENAME; NO_NEW_ENGINE_UNLESS_GAP_EVIDENCE,PRESERVE_EXISTING_ID
VIS-008,DATA TRACK,Visual,P1,REUSE_WITH_ADAPTER,Wave 1,adapters/v8-compat.js,prototype/js/earthus2/v02/adapters/v8-compat.js,EXPERIENCE_RENDER,PRESERVE_AND_REUSE; NO_RENAME; NO_NEW_ENGINE_UNLESS_GAP_EVIDENCE,PRESERVE_EXISTING_ID
VIS-009,DATA BEACON,Visual,P0,REUSE_WITH_ADAPTER,Wave 1,visual/visual-manifest.js,prototype/js/earthus2/v02/visual/visual-manifest.js,EXPERIENCE_RENDER,PRESERVE_AND_REUSE; NO_RENAME; NO_NEW_ENGINE_UNLESS_GAP_EVIDENCE,PRESERVE_EXISTING_ID
VIS-010,Visual Material Grammar Engine,Visual,P1,IMPLEMENTED_FOUNDATION,Wave 1,visual/material-grammar.js,prototype/js/earthus2/v03/visual/material-grammar.js,EXPERIENCE_RENDER,PRESERVE_AND_REUSE; NO_RENAME; NO_NEW_ENGINE_UNLESS_GAP_EVIDENCE,PRESERVE_EXISTING_ID
VIS-011,Color and Accessibility Semantics,Visual,P1,IMPLEMENTED_FOUNDATION,Wave 1,visual/color-accessibility.js,prototype/js/earthus2/v03/visual/color-accessibility.js,EXPERIENCE_RENDER,PRESERVE_AND_REUSE; NO_RENAME; NO_NEW_ENGINE_UNLESS_GAP_EVIDENCE,PRESERVE_EXISTING_ID
VIS-012,Label and Annotation Budget Engine,Visual,P1,IMPLEMENTED_FOUNDATION,Wave 1,visual/label-budget.js,prototype/js/earthus2/v03/visual/label-budget.js,EXPERIENCE_RENDER,PRESERVE_AND_REUSE; NO_RENAME; NO_NEW_ENGINE_UNLESS_GAP_EVIDENCE,PRESERVE_EXISTING_ID
VIS-013,Picking and Inspection Engine,Visual,P1,IMPLEMENTED_FOUNDATION,Wave 1,visual/picking-inspection.js,prototype/js/earthus2/v03/visual/picking-inspection.js,EXPERIENCE_RENDER,PRESERVE_AND_REUSE; NO_RENAME; NO_NEW_ENGINE_UNLESS_GAP_EVIDENCE,PRESERVE_EXISTING_ID
VIS-014,Focus Transition and Camera Choreography,Visual,P1,IMPLEMENTED_FOUNDATION,Wave 1,visual/camera-choreography.js,prototype/js/earthus2/v03/visual/camera-choreography.js,EXPERIENCE_RENDER,PRESERVE_AND_REUSE; NO_RENAME; NO_NEW_ENGINE_UNLESS_GAP_EVIDENCE,PRESERVE_EXISTING_ID
WX-001,Weather Detail Information Architecture,Weather,P1,IMPLEMENTED_FOUNDATION,Wave 2,weather/weather-detail-ia.js,prototype/js/earthus2/v04/weather/weather-detail-ia.js,DOMAIN_ENGINE,PRESERVE_AND_REUSE; NO_RENAME; NO_NEW_ENGINE_UNLESS_GAP_EVIDENCE,PRESERVE_EXISTING_ID
WX-002,Weather Spatiotemporal Fusion,Weather,P1,IMPLEMENTED_FOUNDATION,Wave 2,weather/weather-spatiotemporal-fusion.js,prototype/js/earthus2/v04/weather/weather-spatiotemporal-fusion.js,FUSION_STATE_ORCHESTRATION,REUSE_AS_INTELLIGENCE_CORE_OR_SUPPORT; EXTEND_BY_CONTRACT/ADAPTER_ONLY,PRESERVE_EXISTING_ID
WX-003,Observation Quality and Provenance,Weather,P1,IMPLEMENTED_FOUNDATION,Wave 2,weather/observation-quality-provenance.js,prototype/js/earthus2/v05/weather/observation-quality-provenance.js,EVIDENCE_TRUTH_DATA,REUSE/HARDEN_CONFIDENCE; NUMERIC_CONFIDENCE_REQUIRES_CALIBRATION,PRESERVE_EXISTING_ID
WX-004,Multi-Model Ensemble,Weather,P1,IMPLEMENTED_FOUNDATION,Wave 2,weather/ensemble.js,prototype/js/earthus2/v02/weather/ensemble.js,FUSION_STATE_ORCHESTRATION,REUSE_AS_INTELLIGENCE_CORE_OR_SUPPORT; EXTEND_BY_CONTRACT/ADAPTER_ONLY,PRESERVE_EXISTING_ID
WX-005,Local Bias Correction,Weather,P1,IMPLEMENTED_FOUNDATION,Wave 2,weather/ensemble.js,prototype/js/earthus2/v02/weather/ensemble.js,DOMAIN_ENGINE,REUSE_AS_INTELLIGENCE_CORE_OR_SUPPORT; EXTEND_BY_CONTRACT/ADAPTER_ONLY,PRESERVE_EXISTING_ID
WX-006,Radar/Satellite Nowcast,Weather,P1,IMPLEMENTED_FOUNDATION,Wave 2,weather/nowcast.js,prototype/js/earthus2/v02/weather/nowcast.js,DOMAIN_ENGINE,REUSE_AS_INTELLIGENCE_CORE_OR_SUPPORT; EXTEND_BY_CONTRACT/ADAPTER_ONLY,PRESERVE_EXISTING_ID
WX-007,Weather Event Detector,Weather,P1,IMPLEMENTED_FOUNDATION,Wave 2,weather/weather-event-detector.js,prototype/js/earthus2/v04/weather/weather-event-detector.js,EVENT_REASONING_INTELLIGENCE,REUSE_AS_INTELLIGENCE_CORE_OR_SUPPORT; EXTEND_BY_CONTRACT/ADAPTER_ONLY,PRESERVE_EXISTING_ID
WX-008,Moisture Source Attribution,Weather,P1,IMPLEMENTED_FOUNDATION,Wave 2,weather/moisture-attribution.js,prototype/js/earthus2/v02/weather/moisture-attribution.js,CAUSAL_IMPACT,REUSE_AS_INTELLIGENCE_CORE_OR_SUPPORT; EXTEND_BY_CONTRACT/ADAPTER_ONLY,PRESERVE_EXISTING_ID
WX-009,SST Anomaly Support,Weather,P1,REUSE_WITH_ADAPTER,Wave 2,weather/moisture-attribution.js,prototype/js/earthus2/v02/weather/moisture-attribution.js,CAUSAL_IMPACT,REUSE_AS_INTELLIGENCE_CORE_OR_SUPPORT; EXTEND_BY_CONTRACT/ADAPTER_ONLY,PRESERVE_EXISTING_ID
WX-010,Cyclone Remnant Interaction,Weather,P1,IMPLEMENTED_FOUNDATION,Wave 2,weather/cyclone-remnant-interaction.js,prototype/js/earthus2/v04/weather/cyclone-remnant-interaction.js,CAUSAL_IMPACT,REUSE_AS_INTELLIGENCE_CORE_OR_SUPPORT; EXTEND_BY_CONTRACT/ADAPTER_ONLY,PRESERVE_EXISTING_ID
WX-011,Forecast Gap Scanner,Weather,P1,IMPLEMENTED_FOUNDATION,Wave 2,weather/forecast-gap.js,prototype/js/earthus2/v02/weather/forecast-gap.js,DOMAIN_ENGINE,REUSE_AS_INTELLIGENCE_CORE_OR_SUPPORT; EXTEND_BY_CONTRACT/ADAPTER_ONLY,PRESERVE_EXISTING_ID
WX-012,Evidence Graph,Weather,P1,IMPLEMENTED_FOUNDATION,Wave 2,weather/evidence-graph.js,prototype/js/earthus2/v02/weather/evidence-graph.js,EVENT_REASONING_INTELLIGENCE,REUSE_FOR_EVIDENCE_RELATION; CORRELATION/CAUSE_CANDIDATE_MUST_NOT_BE_PROMOTED_TO_PROVEN_CAUSE,PRESERVE_EXISTING_ID
WX-013,Weather Claim Gate,Weather,P1,IMPLEMENTED_FOUNDATION,Wave 2,weather/evidence-graph.js,prototype/js/earthus2/v02/weather/evidence-graph.js,EVENT_REASONING_INTELLIGENCE,REUSE_AS_INTELLIGENCE_CORE_OR_SUPPORT; EXTEND_BY_CONTRACT/ADAPTER_ONLY,PRESERVE_EXISTING_ID
WX-014,Weather Narrative Composer,Weather,P1,IMPLEMENTED_FOUNDATION,Wave 2,weather/narrative.js,prototype/js/earthus2/v02/weather/narrative.js,EVENT_REASONING_INTELLIGENCE,REUSE_AS_INTELLIGENCE_CORE_OR_SUPPORT; EXTEND_BY_CONTRACT/ADAPTER_ONLY,PRESERVE_EXISTING_ID
WX-015,Weather Action Intelligence,Weather,P1,IMPLEMENTED_FOUNDATION,Wave 2,weather/weather-action-intelligence.js,prototype/js/earthus2/v04/weather/weather-action-intelligence.js,CAUSAL_IMPACT,REUSE_AS_INTELLIGENCE_CORE_OR_SUPPORT; EXTEND_BY_CONTRACT/ADAPTER_ONLY,PRESERVE_EXISTING_ID
WX-016,Precipitation State Engine,Weather,P1,IMPLEMENTED_FOUNDATION,Wave 2,weather/precipitation.js,prototype/js/earthus2/v02/weather/precipitation.js,DOMAIN_ENGINE,PRESERVE_AND_REUSE; NO_RENAME; NO_NEW_ENGINE_UNLESS_GAP_EVIDENCE,PRESERVE_EXISTING_ID
WX-017,Precipitation Nowcast,Weather,P1,IMPLEMENTED_FOUNDATION,Wave 2,weather/nowcast.js,prototype/js/earthus2/v02/weather/nowcast.js,DOMAIN_ENGINE,PRESERVE_AND_REUSE; NO_RENAME; NO_NEW_ENGINE_UNLESS_GAP_EVIDENCE,PRESERVE_EXISTING_ID
WX-018,Rain/Snow Phase Engine,Weather,P1,IMPLEMENTED_FOUNDATION,Wave 2,weather/precipitation.js,prototype/js/earthus2/v02/weather/precipitation.js,DOMAIN_ENGINE,PRESERVE_AND_REUSE; NO_RENAME; NO_NEW_ENGINE_UNLESS_GAP_EVIDENCE,PRESERVE_EXISTING_ID
WX-019,Rain Curtain Renderer,Weather,P1,IMPLEMENTED_FOUNDATION,Wave 2,weather/precipitation.js,prototype/js/earthus2/v02/weather/precipitation.js,DOMAIN_ENGINE,PRESERVE_AND_REUSE; NO_RENAME; NO_NEW_ENGINE_UNLESS_GAP_EVIDENCE,PRESERVE_EXISTING_ID
WX-020,Weather Ground Truth and ModelOps,Weather,P1,IMPLEMENTED_FOUNDATION,Wave 2,weather/weather-modelops.js,prototype/js/earthus2/v04/weather/weather-modelops.js,FUSION_STATE_ORCHESTRATION,REUSE_AS_INTELLIGENCE_CORE_OR_SUPPORT; EXTEND_BY_CONTRACT/ADAPTER_ONLY,PRESERVE_EXISTING_ID
WX-021,Forecast Scenario Cluster Engine,Weather,P1,IMPLEMENTED_FOUNDATION,Wave 3,weather/forecast-scenario-cluster.js,prototype/js/earthus2/v04/weather/forecast-scenario-cluster.js,FUSION_STATE_ORCHESTRATION,REUSE_FOR_SCENARIO_SANDBOX; COUNTERFACTUAL_CONTRACT_IS_OVERLAY_NOT_NEW_ENGINE_ID,PRESERVE_EXISTING_ID
WX-022,Forecast Reconciliation Engine,Weather,P1,IMPLEMENTED_FOUNDATION,Wave 3,weather/forecast-reconciliation.js,prototype/js/earthus2/v04/weather/forecast-reconciliation.js,FUSION_STATE_ORCHESTRATION,REUSE_AS_INTELLIGENCE_CORE_OR_SUPPORT; EXTEND_BY_CONTRACT/ADAPTER_ONLY,PRESERVE_EXISTING_ID
ACT-001,Public Action Source Registry,Earth Pulse/Public Action,P0,IMPLEMENTED_FOUNDATION,Wave PULSE-1,action/source-registry.js,prototype/js/earthus2/v06/action/source-registry.js,EVENT_PULSE_SUPPORT,PRESERVE_AND_REUSE; NO_RENAME; NO_NEW_ENGINE_UNLESS_GAP_EVIDENCE,PRESERVE_EXISTING_ID
ACT-002,Public Action & Event Ingestion Engine,Earth Pulse/Public Action,P0,IMPLEMENTED_FOUNDATION,Wave PULSE-1,action/ingestion.js,prototype/js/earthus2/v06/action/ingestion.js,EVENT_PULSE_SUPPORT,PRESERVE_AND_REUSE; NO_RENAME; NO_NEW_ENGINE_UNLESS_GAP_EVIDENCE,PRESERVE_EXISTING_ID
ACT-003,Activity Normalization Engine,Earth Pulse/Public Action,P0,IMPLEMENTED_FOUNDATION,Wave PULSE-1,action/normalization.js,prototype/js/earthus2/v06/action/normalization.js,EVENT_PULSE_SUPPORT,PRESERVE_AND_REUSE; NO_RENAME; NO_NEW_ENGINE_UNLESS_GAP_EVIDENCE,PRESERVE_EXISTING_ID
ACT-004,Action Trust Verification Engine,Earth Pulse/Public Action,P0,IMPLEMENTED_FOUNDATION,Wave PULSE-1,action/trust-verification.js,prototype/js/earthus2/v06/action/trust-verification.js,EVENT_PULSE_SUPPORT,PRESERVE_AND_REUSE; NO_RENAME; NO_NEW_ENGINE_UNLESS_GAP_EVIDENCE,PRESERVE_EXISTING_ID
ACT-005,Action Status Resolver,Earth Pulse/Public Action,P0,IMPLEMENTED_FOUNDATION,Wave PULSE-1,action/status-resolver.js,prototype/js/earthus2/v06/action/status-resolver.js,EVENT_PULSE_SUPPORT,PRESERVE_AND_REUSE; NO_RENAME; NO_NEW_ENGINE_UNLESS_GAP_EVIDENCE,PRESERVE_EXISTING_ID
ACT-006,Location Precision Guard Engine,Earth Pulse/Public Action,P0,IMPLEMENTED_FOUNDATION,Wave PULSE-1,action/location-precision.js,prototype/js/earthus2/v06/action/location-precision.js,EVENT_PULSE_SUPPORT,PRESERVE_AND_REUSE; NO_RENAME; NO_NEW_ENGINE_UNLESS_GAP_EVIDENCE,PRESERVE_EXISTING_ID
PUL-001,Earth Pulse Orchestrator,Earth Pulse,P0,IMPLEMENTED_FOUNDATION,Wave PULSE-1,pulse/earth-pulse-orchestrator.js,prototype/js/earthus2/v06/pulse/earth-pulse-orchestrator.js,EVENT_PULSE_SUPPORT,PRESERVE_AND_REUSE; NO_RENAME; NO_NEW_ENGINE_UNLESS_GAP_EVIDENCE,PRESERVE_EXISTING_ID
PUL-002,Pulse Scene Budget Engine,Earth Pulse,P0,IMPLEMENTED_FOUNDATION,Wave PULSE-1,pulse/pulse-scene-budget.js,prototype/js/earthus2/v06/pulse/pulse-scene-budget.js,EVENT_PULSE_SUPPORT,PRESERVE_AND_REUSE; NO_RENAME; NO_NEW_ENGINE_UNLESS_GAP_EVIDENCE,PRESERVE_EXISTING_ID
NEWS-001,News Geospatial Event Linker,News/Earth Pulse,P0,IMPLEMENTED_FOUNDATION,Wave PULSE-1,news/news-event-linker.js,prototype/js/earthus2/v06/news/news-event-linker.js,EVENT_PULSE_SUPPORT,PRESERVE_AND_REUSE; NO_RENAME; NO_NEW_ENGINE_UNLESS_GAP_EVIDENCE,PRESERVE_EXISTING_ID
TRV-001,Tourism Discovery Engine,Tourism Intelligence,P0,IMPLEMENTED_FOUNDATION,Wave PULSE-1,tourism/discovery.js,prototype/js/earthus2/v06/tourism/discovery.js,DOMAIN_ENGINE,PRESERVE_AND_REUSE; NO_RENAME; NO_NEW_ENGINE_UNLESS_GAP_EVIDENCE,PRESERVE_EXISTING_ID
TRV-002,Travel Context Composer,Tourism Intelligence,P0,IMPLEMENTED_FOUNDATION,Wave PULSE-1,tourism/travel-context.js,prototype/js/earthus2/v06/tourism/travel-context.js,CAUSAL_IMPACT,PRESERVE_AND_REUSE; NO_RENAME; NO_NEW_ENGINE_UNLESS_GAP_EVIDENCE,PRESERVE_EXISTING_ID
ENV-001,Pollution Lens Orchestrator,Environment Intelligence,P0,IMPLEMENTED_FOUNDATION,Wave PULSE-1,environment/pollution-lens.js,prototype/js/earthus2/v06/environment/pollution-lens.js,CAUSAL_IMPACT,PRESERVE_AND_REUSE; NO_RENAME; NO_NEW_ENGINE_UNLESS_GAP_EVIDENCE,PRESERVE_EXISTING_ID
BCK-001,Ingestion Run Ledger,Backend/Data Plane,P0,IMPLEMENTED_FOUNDATION,Wave BACKEND-0,backend/ingestion-run-ledger.js,prototype/js/earthus2/v07/backend/ingestion-run-ledger.js,DATA_BACKEND_SUPPORT,PRESERVE_AND_REUSE; NO_RENAME; NO_NEW_ENGINE_UNLESS_GAP_EVIDENCE,PRESERVE_EXISTING_ID
BCK-002,Raw Artifact Receipt & Immutable Store Adapter,Backend/Data Plane,P0,IMPLEMENTED_FOUNDATION,Wave BACKEND-0,backend/raw-artifact-store.js,prototype/js/earthus2/v07/backend/raw-artifact-store.js,DATA_BACKEND_SUPPORT,PRESERVE_AND_REUSE; NO_RENAME; NO_NEW_ENGINE_UNLESS_GAP_EVIDENCE,PRESERVE_EXISTING_ID
BCK-003,Schema Contract & Drift Detector,Backend/Data Plane,P0,IMPLEMENTED_FOUNDATION,Wave BACKEND-0,backend/schema-drift.js,prototype/js/earthus2/v07/backend/schema-drift.js,DATA_BACKEND_SUPPORT,PRESERVE_AND_REUSE; NO_RENAME; NO_NEW_ENGINE_UNLESS_GAP_EVIDENCE,PRESERVE_EXISTING_ID
BCK-004,Watermark & Revision Controller,Backend/Data Plane,P0,IMPLEMENTED_FOUNDATION,Wave BACKEND-0,backend/watermark-revision.js,prototype/js/earthus2/v07/backend/watermark-revision.js,DATA_BACKEND_SUPPORT,PRESERVE_AND_REUSE; NO_RENAME; NO_NEW_ENGINE_UNLESS_GAP_EVIDENCE,PRESERVE_EXISTING_ID
BCK-005,Idempotency & Deduplication Engine,Backend/Data Plane,P0,IMPLEMENTED_FOUNDATION,Wave BACKEND-0,backend/idempotency-dedup.js,prototype/js/earthus2/v07/backend/idempotency-dedup.js,DATA_BACKEND_SUPPORT,PRESERVE_AND_REUSE; NO_RENAME; NO_NEW_ENGINE_UNLESS_GAP_EVIDENCE,PRESERVE_EXISTING_ID
BCK-006,Provider Quota & Rate Budget Engine,Backend/Data Plane,P0,IMPLEMENTED_FOUNDATION,Wave BACKEND-0,backend/provider-budget.js,prototype/js/earthus2/v07/backend/provider-budget.js,DATA_BACKEND_SUPPORT,PRESERVE_AND_REUSE; NO_RENAME; NO_NEW_ENGINE_UNLESS_GAP_EVIDENCE,PRESERVE_EXISTING_ID
BCK-007,Conditional Fetch Coordinator,Backend/Data Plane,P1,IMPLEMENTED_FOUNDATION,Wave BACKEND-1,backend/conditional-fetch.js,prototype/js/earthus2/v07/backend/conditional-fetch.js,DATA_BACKEND_SUPPORT,PRESERVE_AND_REUSE; NO_RENAME; NO_NEW_ENGINE_UNLESS_GAP_EVIDENCE,PRESERVE_EXISTING_ID
BCK-008,Durable Outbox & Dispatch Engine,Backend/Operations,P0,IMPLEMENTED_FOUNDATION,Wave BACKEND-1,backend/outbox-dispatch.js,prototype/js/earthus2/v07/backend/outbox-dispatch.js,DATA_BACKEND_SUPPORT,PRESERVE_AND_REUSE; NO_RENAME; NO_NEW_ENGINE_UNLESS_GAP_EVIDENCE,PRESERVE_EXISTING_ID
BCK-009,Poison Record Quarantine Engine,Backend/Operations,P0,IMPLEMENTED_FOUNDATION,Wave BACKEND-0,backend/quarantine.js,prototype/js/earthus2/v07/backend/quarantine.js,DATA_BACKEND_SUPPORT,PRESERVE_AND_REUSE; NO_RENAME; NO_NEW_ENGINE_UNLESS_GAP_EVIDENCE,PRESERVE_EXISTING_ID
BCK-010,Backfill & Replay Planner,Backend/Operations,P1,IMPLEMENTED_FOUNDATION,Wave BACKEND-1,backend/backfill-replay.js,prototype/js/earthus2/v07/backend/backfill-replay.js,DATA_BACKEND_SUPPORT,PRESERVE_AND_REUSE; NO_RENAME; NO_NEW_ENGINE_UNLESS_GAP_EVIDENCE,PRESERVE_EXISTING_ID
BCK-011,Canonical Event Store,Backend/Event Intelligence,P0,IMPLEMENTED_FOUNDATION,Wave BACKEND-1,backend/canonical-event-store.js,prototype/js/earthus2/v07/backend/canonical-event-store.js,EVIDENCE_TRUTH_DATA,REUSE_AS_CANONICAL_EVENT_AND_LINEAGE_STORE; ADD_REVISION/SCENARIO_LINKS_BY_ADAPTER,PRESERVE_EXISTING_ID
BCK-012,Event Lineage Graph Persistence,Backend/Event Intelligence,P0,IMPLEMENTED_FOUNDATION,Wave BACKEND-1,backend/event-lineage.js,prototype/js/earthus2/v07/backend/event-lineage.js,EVIDENCE_TRUTH_DATA,REUSE_AS_CANONICAL_EVENT_AND_LINEAGE_STORE; ADD_REVISION/SCENARIO_LINKS_BY_ADAPTER,PRESERVE_EXISTING_ID
BCK-013,Backend API Envelope & Typed Error Contract,Backend/API,P0,IMPLEMENTED_FOUNDATION,Wave BACKEND-2,backend/api-envelope.js,prototype/js/earthus2/v07/backend/api-envelope.js,DATA_BACKEND_SUPPORT,PRESERVE_AND_REUSE; NO_RENAME; NO_NEW_ENGINE_UNLESS_GAP_EVIDENCE,PRESERVE_EXISTING_ID
BCK-014,Trace Correlation & Structured Log Engine,Backend/Operations,P0,IMPLEMENTED_FOUNDATION,Wave BACKEND-0,backend/trace-correlation.js,prototype/js/earthus2/v07/backend/trace-correlation.js,DATA_BACKEND_SUPPORT,PRESERVE_AND_REUSE; NO_RENAME; NO_NEW_ENGINE_UNLESS_GAP_EVIDENCE,PRESERVE_EXISTING_ID
BCK-015,Secret Vault Adapter Contract,Backend/Security,P0,IMPLEMENTED_FOUNDATION,Wave BACKEND-0,backend/secret-vault-adapter.js,prototype/js/earthus2/v07/backend/secret-vault-adapter.js,DATA_BACKEND_SUPPORT,PRESERVE_AND_REUSE; NO_RENAME; NO_NEW_ENGINE_UNLESS_GAP_EVIDENCE,PRESERVE_EXISTING_ID
BCK-016,Release Configuration Snapshot Engine,Backend/Release,P1,IMPLEMENTED_FOUNDATION,Wave BACKEND-2,backend/release-config-snapshot.js,prototype/js/earthus2/v07/backend/release-config-snapshot.js,DATA_BACKEND_SUPPORT,PRESERVE_AND_REUSE; NO_RENAME; NO_NEW_ENGINE_UNLESS_GAP_EVIDENCE,PRESERVE_EXISTING_ID
BCK-017,Atomic Publish & Last-Good Promotion Engine,Backend/Data Plane,P0,IMPLEMENTED_FOUNDATION,Wave BACKEND-1,backend/atomic-publish.js,prototype/js/earthus2/v07/backend/atomic-publish.js,EVIDENCE_TRUTH_DATA,REUSE_AS_INTELLIGENCE_CORE_OR_SUPPORT; EXTEND_BY_CONTRACT/ADAPTER_ONLY,PRESERVE_EXISTING_ID
NEWS-002,News Source Registry,News/Backend,P0,IMPLEMENTED_FOUNDATION,Wave BACKEND-1,news/source-registry.js,prototype/js/earthus2/v07/news/source-registry.js,EVENT_PULSE_SUPPORT,PRESERVE_AND_REUSE; NO_RENAME; NO_NEW_ENGINE_UNLESS_GAP_EVIDENCE,PRESERVE_EXISTING_ID
NEWS-003,News Ingestion & Clustering Engine,News/Backend,P0,IMPLEMENTED_FOUNDATION,Wave BACKEND-1,news/ingestion-cluster.js,prototype/js/earthus2/v07/news/ingestion-cluster.js,EVENT_PULSE_SUPPORT,PRESERVE_AND_REUSE; NO_RENAME; NO_NEW_ENGINE_UNLESS_GAP_EVIDENCE,PRESERVE_EXISTING_ID
BCK-018,Canonical Provider Registry Compiler,Backend/Governance,P0,IMPLEMENTED_FOUNDATION,Wave BACKEND-3,backend/provider-registry-compiler.js,prototype/js/earthus2/v08/backend/provider-registry-compiler.js,DATA_BACKEND_SUPPORT,PRESERVE_AND_REUSE; NO_RENAME; NO_NEW_ENGINE_UNLESS_GAP_EVIDENCE,PRESERVE_EXISTING_ID
BCK-019,Versioned Schema Registry,Backend/Data Plane,P0,IMPLEMENTED_FOUNDATION,Wave BACKEND-3,backend/versioned-schema-registry.js,prototype/js/earthus2/v08/backend/versioned-schema-registry.js,DATA_BACKEND_SUPPORT,PRESERVE_AND_REUSE; NO_RENAME; NO_NEW_ENGINE_UNLESS_GAP_EVIDENCE,PRESERVE_EXISTING_ID
BCK-020,Distributed Job Lease & Fencing Engine,Backend/Operations,P0,IMPLEMENTED_FOUNDATION,Wave BACKEND-3,backend/distributed-job-lease.js,prototype/js/earthus2/v08/backend/distributed-job-lease.js,DATA_BACKEND_SUPPORT,PRESERVE_AND_REUSE; NO_RENAME; NO_NEW_ENGINE_UNLESS_GAP_EVIDENCE,PRESERVE_EXISTING_ID
BCK-021,Cross-Signal Snapshot Consistency Engine,Backend/Data Plane,P0,IMPLEMENTED_FOUNDATION,Wave BACKEND-3,backend/snapshot-consistency.js,prototype/js/earthus2/v08/backend/snapshot-consistency.js,EVIDENCE_TRUTH_DATA,REUSE_AS_INTELLIGENCE_CORE_OR_SUPPORT; EXTEND_BY_CONTRACT/ADAPTER_ONLY,PRESERVE_EXISTING_ID
BCK-022,Geo-Temporal Query Planner,Backend/Query Plane,P0,IMPLEMENTED_FOUNDATION,Wave BACKEND-3,backend/geotemporal-query.js,prototype/js/earthus2/v08/backend/geotemporal-query.js,DATA_BACKEND_SUPPORT,PRESERVE_AND_REUSE; NO_RENAME; NO_NEW_ENGINE_UNLESS_GAP_EVIDENCE,PRESERVE_EXISTING_ID
BCK-023,Request Coalescing SingleFlight Engine,Backend/Query Plane,P0,IMPLEMENTED_FOUNDATION,Wave BACKEND-3,backend/request-coalescing.js,prototype/js/earthus2/v08/backend/request-coalescing.js,DATA_BACKEND_SUPPORT,PRESERVE_AND_REUSE; NO_RENAME; NO_NEW_ENGINE_UNLESS_GAP_EVIDENCE,PRESERVE_EXISTING_ID
BCK-024,Backend Cache Policy Resolver,Backend/Query Plane,P0,IMPLEMENTED_FOUNDATION,Wave BACKEND-3,backend/cache-policy.js,prototype/js/earthus2/v08/backend/cache-policy.js,DATA_BACKEND_SUPPORT,PRESERVE_AND_REUSE; NO_RENAME; NO_NEW_ENGINE_UNLESS_GAP_EVIDENCE,PRESERVE_EXISTING_ID
BCK-025,Synthetic Runtime Probe Engine,Backend/Operations,P0,IMPLEMENTED_FOUNDATION,Wave BACKEND-3,backend/synthetic-runtime-probe.js,prototype/js/earthus2/v08/backend/synthetic-runtime-probe.js,DATA_BACKEND_SUPPORT,PRESERVE_AND_REUSE; NO_RENAME; NO_NEW_ENGINE_UNLESS_GAP_EVIDENCE,PRESERVE_EXISTING_ID
BCK-026,DB Migration Compatibility Gate,Backend/Release,P0,IMPLEMENTED_FOUNDATION,Wave BACKEND-3,backend/migration-compatibility-gate.js,prototype/js/earthus2/v08/backend/migration-compatibility-gate.js,DATA_BACKEND_SUPPORT,PRESERVE_AND_REUSE; NO_RENAME; NO_NEW_ENGINE_UNLESS_GAP_EVIDENCE,PRESERVE_EXISTING_ID
BCK-027,Backup & Restore Drill Verifier,Backend/Recovery,P1,IMPLEMENTED_FOUNDATION,Wave BACKEND-3,backend/restore-drill-verifier.js,prototype/js/earthus2/v08/backend/restore-drill-verifier.js,DATA_BACKEND_SUPPORT,PRESERVE_AND_REUSE; NO_RENAME; NO_NEW_ENGINE_UNLESS_GAP_EVIDENCE,PRESERVE_EXISTING_ID
BCK-028,Query Cost & Result Budget Guard,Backend/Query Plane,P0,IMPLEMENTED_FOUNDATION,Wave BACKEND-3,backend/query-budget-guard.js,prototype/js/earthus2/v08/backend/query-budget-guard.js,DATA_BACKEND_SUPPORT,PRESERVE_AND_REUSE; NO_RENAME; NO_NEW_ENGINE_UNLESS_GAP_EVIDENCE,PRESERVE_EXISTING_ID
BCK-029,Materialized Read Model Builder,Backend/Query Plane,P1,IMPLEMENTED_FOUNDATION,Wave BACKEND-3,backend/read-model-builder.js,prototype/js/earthus2/v08/backend/read-model-builder.js,DATA_BACKEND_SUPPORT,PRESERVE_AND_REUSE; NO_RENAME; NO_NEW_ENGINE_UNLESS_GAP_EVIDENCE,PRESERVE_EXISTING_ID
PRV-001,KMA Unified Official Adapter,Provider Adapter,P0,IMPLEMENTED_FOUNDATION,Wave PROVIDER-0,provider/kma-official-adapter.js,prototype/js/earthus2/v09/provider/kma-official-adapter.js,DATA_BACKEND_SUPPORT,PRESERVE_AND_REUSE; NO_RENAME; NO_NEW_ENGINE_UNLESS_GAP_EVIDENCE,PRESERVE_EXISTING_ID
PRV-002,AirKorea Observation & Alert Adapter,Provider Adapter,P0,IMPLEMENTED_FOUNDATION,Wave PROVIDER-0,provider/airkorea-adapter.js,prototype/js/earthus2/v09/provider/airkorea-adapter.js,DATA_BACKEND_SUPPORT,PRESERVE_AND_REUSE; NO_RENAME; NO_NEW_ENGINE_UNLESS_GAP_EVIDENCE,PRESERVE_EXISTING_ID
PRV-003,Seoul Population Adapter,Provider Adapter,P0,IMPLEMENTED_FOUNDATION,Wave PROVIDER-0,provider/seoul-population-adapter.js,prototype/js/earthus2/v09/provider/seoul-population-adapter.js,DATA_BACKEND_SUPPORT,PRESERVE_AND_REUSE; NO_RENAME; NO_NEW_ENGINE_UNLESS_GAP_EVIDENCE,PRESERVE_EXISTING_ID
PRV-004,KTO Tourism Discovery Adapter,Provider Adapter,P0,IMPLEMENTED_FOUNDATION,Wave PROVIDER-0,provider/kto-discovery-adapter.js,prototype/js/earthus2/v09/provider/kto-discovery-adapter.js,DATA_BACKEND_SUPPORT,PRESERVE_AND_REUSE; NO_RENAME; NO_NEW_ENGINE_UNLESS_GAP_EVIDENCE,PRESERVE_EXISTING_ID
PRV-005,Korea Marine Water Quality Adapter,Provider Adapter,P1,IMPLEMENTED_FOUNDATION,Wave PROVIDER-1,provider/korea-marine-water-quality-adapter.js,prototype/js/earthus2/v09/provider/korea-marine-water-quality-adapter.js,DATA_BACKEND_SUPPORT,PRESERVE_AND_REUSE; NO_RENAME; NO_NEW_ENGINE_UNLESS_GAP_EVIDENCE,PRESERVE_EXISTING_ID
PRV-006,Copernicus Ocean Colour Adapter,Provider Adapter,P1,IMPLEMENTED_FOUNDATION,Wave PROVIDER-1,provider/copernicus-ocean-colour-adapter.js,prototype/js/earthus2/v09/provider/copernicus-ocean-colour-adapter.js,DATA_BACKEND_SUPPORT,PRESERVE_AND_REUSE; NO_RENAME; NO_NEW_ENGINE_UNLESS_GAP_EVIDENCE,PRESERVE_EXISTING_ID
PRV-007,Sentinel-1 Oil Slick Candidate Adapter,Provider Adapter,P1,IMPLEMENTED_FOUNDATION,Wave PROVIDER-1,provider/sentinel1-oil-slick-adapter.js,prototype/js/earthus2/v09/provider/sentinel1-oil-slick-adapter.js,DATA_BACKEND_SUPPORT,PRESERVE_AND_REUSE; NO_RENAME; NO_NEW_ENGINE_UNLESS_GAP_EVIDENCE,PRESERVE_EXISTING_ID
PRV-008,EPA Toxic Release & Contaminated Site Adapter,Provider Adapter,P1,IMPLEMENTED_FOUNDATION,Wave PROVIDER-1,provider/epa-contamination-adapter.js,prototype/js/earthus2/v09/provider/epa-contamination-adapter.js,DATA_BACKEND_SUPPORT,PRESERVE_AND_REUSE; NO_RENAME; NO_NEW_ENGINE_UNLESS_GAP_EVIDENCE,PRESERVE_EXISTING_ID
PRV-009,EEA Industrial Emissions Adapter,Provider Adapter,P1,IMPLEMENTED_FOUNDATION,Wave PROVIDER-1,provider/eea-industrial-emissions-adapter.js,prototype/js/earthus2/v09/provider/eea-industrial-emissions-adapter.js,DATA_BACKEND_SUPPORT,PRESERVE_AND_REUSE; NO_RENAME; NO_NEW_ENGINE_UNLESS_GAP_EVIDENCE,PRESERVE_EXISTING_ID
PRV-010,NASA EMIT Plume Adapter,Provider Adapter,P1,IMPLEMENTED_FOUNDATION,Wave PROVIDER-1,provider/emit-plume-adapter.js,prototype/js/earthus2/v09/provider/emit-plume-adapter.js,DATA_BACKEND_SUPPORT,PRESERVE_AND_REUSE; NO_RENAME; NO_NEW_ENGINE_UNLESS_GAP_EVIDENCE,PRESERVE_EXISTING_ID
PRV-011,Public Action Feed Adapter,Provider Adapter,P0,IMPLEMENTED_FOUNDATION,Wave PROVIDER-1,provider/public-action-feed-adapter.js,prototype/js/earthus2/v09/provider/public-action-feed-adapter.js,DATA_BACKEND_SUPPORT,PRESERVE_AND_REUSE; NO_RENAME; NO_NEW_ENGINE_UNLESS_GAP_EVIDENCE,PRESERVE_EXISTING_ID
PRV-012,Governed News Feed Adapter,Provider Adapter,P0,IMPLEMENTED_FOUNDATION,Wave PROVIDER-1,provider/news-feed-adapter.js,prototype/js/earthus2/v09/provider/news-feed-adapter.js,DATA_BACKEND_SUPPORT,PRESERVE_AND_REUSE; NO_RENAME; NO_NEW_ENGINE_UNLESS_GAP_EVIDENCE,PRESERVE_EXISTING_ID
NTF-001,Push Token Lifecycle Engine,Notification/Backend,P0,IMPLEMENTED_FOUNDATION,Wave BACKEND-RC,notification/token-lifecycle.js,prototype/js/earthus2/v10/notification/token-lifecycle.js,OPS_GOVERNANCE,PRESERVE_AND_REUSE; NO_RENAME; NO_NEW_ENGINE_UNLESS_GAP_EVIDENCE,PRESERVE_EXISTING_ID
NTF-002,Consent & Channel Preference Engine,Notification/Backend,P0,IMPLEMENTED_FOUNDATION,Wave BACKEND-RC,notification/consent-preference.js,prototype/js/earthus2/v10/notification/consent-preference.js,OPS_GOVERNANCE,PRESERVE_AND_REUSE; NO_RENAME; NO_NEW_ENGINE_UNLESS_GAP_EVIDENCE,PRESERVE_EXISTING_ID
NTF-003,Notification Delivery Receipt Engine,Notification/Backend,P1,IMPLEMENTED_FOUNDATION,Wave BACKEND-RC,notification/delivery-receipt.js,prototype/js/earthus2/v10/notification/delivery-receipt.js,OPS_GOVERNANCE,PRESERVE_AND_REUSE; NO_RENAME; NO_NEW_ENGINE_UNLESS_GAP_EVIDENCE,PRESERVE_EXISTING_ID
NTF-004,Notification Fatigue & Cooldown Engine,Notification/Backend,P1,IMPLEMENTED_FOUNDATION,Wave BACKEND-RC,notification/fatigue.js,prototype/js/earthus2/v10/notification/fatigue.js,OPS_GOVERNANCE,PRESERVE_AND_REUSE; NO_RENAME; NO_NEW_ENGINE_UNLESS_GAP_EVIDENCE,PRESERVE_EXISTING_ID
NTF-005,Watch Trigger Evaluation Engine,Notification/Backend,P0,IMPLEMENTED_FOUNDATION,Wave BACKEND-RC,notification/watch-trigger.js,prototype/js/earthus2/v10/notification/watch-trigger.js,OPS_GOVERNANCE,PRESERVE_AND_REUSE; NO_RENAME; NO_NEW_ENGINE_UNLESS_GAP_EVIDENCE,PRESERVE_EXISTING_ID
OPS-020,Production Incident State Machine,Operations,P1,IMPLEMENTED_FOUNDATION,Wave BACKEND-RC,ops/incident-state-machine.js,prototype/js/earthus2/v10/ops/incident-state-machine.js,OPS_GOVERNANCE,PRESERVE_AND_REUSE; NO_RENAME; NO_NEW_ENGINE_UNLESS_GAP_EVIDENCE,PRESERVE_EXISTING_ID
OPS-021,SLO & Error Budget Engine,Operations,P1,IMPLEMENTED_FOUNDATION,Wave BACKEND-RC,ops/slo-error-budget.js,prototype/js/earthus2/v10/ops/slo-error-budget.js,OPS_GOVERNANCE,PRESERVE_AND_REUSE; NO_RENAME; NO_NEW_ENGINE_UNLESS_GAP_EVIDENCE,PRESERVE_EXISTING_ID
OPS-022,Degraded Mode Control Plane,Operations,P0,IMPLEMENTED_FOUNDATION,Wave BACKEND-RC,ops/degraded-mode.js,prototype/js/earthus2/v10/ops/degraded-mode.js,OPS_GOVERNANCE,PRESERVE_AND_REUSE; NO_RENAME; NO_NEW_ENGINE_UNLESS_GAP_EVIDENCE,PRESERVE_EXISTING_ID
REL-001,Feature Flag & Canary Release Engine,Release,P0,IMPLEMENTED_FOUNDATION,Wave BACKEND-RC,release/feature-flag-canary.js,prototype/js/earthus2/v10/release/feature-flag-canary.js,OPS_GOVERNANCE,PRESERVE_AND_REUSE; NO_RENAME; NO_NEW_ENGINE_UNLESS_GAP_EVIDENCE,PRESERVE_EXISTING_ID
REL-002,Release Evidence Gate,Release,P0,IMPLEMENTED_FOUNDATION,Wave BACKEND-RC,release/release-evidence-gate.js,prototype/js/earthus2/v10/release/release-evidence-gate.js,OPS_GOVERNANCE,PRESERVE_AND_REUSE; NO_RENAME; NO_NEW_ENGINE_UNLESS_GAP_EVIDENCE,PRESERVE_EXISTING_ID
BCK-030,Backend Health Aggregation Engine,Backend/Operations,P0,IMPLEMENTED_FOUNDATION,Wave BACKEND-RC,backend/health-aggregation.js,prototype/js/earthus2/v10/backend/health-aggregation.js,DATA_BACKEND_SUPPORT,PRESERVE_AND_REUSE; NO_RENAME; NO_NEW_ENGINE_UNLESS_GAP_EVIDENCE,PRESERVE_EXISTING_ID
BCK-031,Provider Failover Router,Backend/Data Plane,P0,IMPLEMENTED_FOUNDATION,Wave BACKEND-RC,backend/provider-failover-router.js,prototype/js/earthus2/v10/backend/provider-failover-router.js,DATA_BACKEND_SUPPORT,PRESERVE_AND_REUSE; NO_RENAME; NO_NEW_ENGINE_UNLESS_GAP_EVIDENCE,PRESERVE_EXISTING_ID
