drifter_id,unit,role,error_CAND_24h,error_HYCOM_24h,delta_24h,sep_CAND_HYCOM_24h,error_CAND_48h,error_HYCOM_48h,delta_48h,sep_CAND_HYCOM_48h,error_CAND_72h,error_HYCOM_72h,delta_72h,sep_CAND_HYCOM_72h,endpoint_CAND_72h,endpoint_HYCOM_72h,path_CAND,path_HYCOM,observed_72h,threeway_A_HYCOM_24h,threeway_B_GLORYS_24h,threeway_C_STOKES_24h,threeway_A_HYCOM_48h,threeway_B_GLORYS_48h,threeway_C_STOKES_48h,threeway_A_HYCOM_72h,threeway_B_GLORYS_72h,threeway_C_STOKES_72h
127198,AG-1,CALIBRATION,68.808,143.319,-74.511,75.156,127.627,238.223,-110.597,180.414,151.486,323.38,-171.894,253.811,162.399,210.616,175.276,241.654,308.466,143.319,69.677,68.808,238.223,124.876,127.627,323.38,147.7,151.486
127199,AG-1,CALIBRATION,70.192,144.38,-74.188,74.754,127.746,237.391,-109.645,179.862,150.141,319.828,-169.687,250.741,163.947,209.404,177.137,240.659,308.854,144.38,71.146,70.192,237.391,125.036,127.746,319.828,146.416,150.141
127272,AG-1,CALIBRATION,21.655,27.47,-5.815,23.708,63.744,55.056,8.687,39.756,101.871,106.115,-4.244,41.986,175.164,186.183,175.376,188.312,80.755,27.47,18.05,21.655,55.056,52.823,63.744,106.115,96.523,101.871
127313,AG-1,CALIBRATION,129.183,63.55,65.633,66.26,281.682,142.936,138.746,151.428,408.388,238.212,170.176,222.842,62.328,240.965,62.727,255.853,449.489,63.55,131.891,129.183,142.936,289.961,281.682,238.212,416.26,408.388
127314,AG-1,CALIBRATION,42.785,47.299,-4.515,7.66,65.841,60.676,5.165,12.106,57.069,45.89,11.179,13.037,132.163,128.458,171.581,166.418,98.763,47.299,45.859,42.785,60.676,77.404,65.841,45.89,63.504,57.069
127315,AG-1,CALIBRATION,38.567,23.293,15.274,61.695,94.203,44.649,49.554,110.564,151.598,56.37,95.228,177.941,330.868,182.984,341.736,186.979,181.032,23.293,34.539,38.567,44.649,83.472,94.203,56.37,143.744,151.598
132511,AG-1,CALIBRATION,43.539,39.952,3.587,49.299,100.565,55.875,44.69,137.618,144.8,105.167,39.633,219.233,231.805,122.398,242.234,125.485,90.051,39.952,45.029,43.539,55.875,99.332,100.565,105.167,151.207,144.8
132528,AG-1,CALIBRATION,36.645,25.126,11.519,29.894,89.126,19.304,69.822,72.995,63.063,65.919,-2.857,124.785,22.569,146.033,27.746,152.088,85.528,25.126,41.109,36.645,19.304,99.499,89.126,65.919,66.626,63.063
132634,AG-1,CALIBRATION,27.528,34.178,-6.65,10.485,46.098,75.794,-29.696,29.805,83.442,123.195,-39.753,52.906,117.637,88.772,154.233,108.383,135.1,34.178,27.383,27.528,75.794,53.507,46.098,123.195,101.496,83.442
127281,AG-2,CALIBRATION,25.469,116.865,-91.396,116.815,NOT_AVAILABLE,232.889,NOT_AVAILABLE,NOT_AVAILABLE,NOT_AVAILABLE,331.318,NOT_AVAILABLE,NOT_AVAILABLE,NOT_AVAILABLE,23.912,266.832,49.933,352.788,116.865,28.432,25.469,232.889,NOT_AVAILABLE,NOT_AVAILABLE,331.318,NOT_AVAILABLE,NOT_AVAILABLE
71155,KE-1,CALIBRATION,74.23,18.379,55.852,56.006,179.449,37.036,142.413,142.669,335.192,102.331,232.861,234.01,357.029,172.16,382.227,184.774,127.48,18.379,76.952,74.23,37.036,169.072,179.449,102.331,325.969,335.192
81801,KE-1,CALIBRATION,49.903,6.03,43.872,53.91,89.97,18.216,71.754,92.499,100.746,16.207,84.539,104.569,67.251,70.923,71.696,87.431,78.333,6.03,46.234,49.903,18.216,80.256,89.97,16.207,89.781,100.746
81805,KE-1,CALIBRATION,21.952,11.633,10.319,14.297,27.596,33.386,-5.79,18.219,20.494,43.692,-23.198,40.597,66.081,60.868,77.104,68.908,47.347,11.633,22.646,21.952,33.386,30.398,27.596,43.692,28.201,20.494
81807,KE-1,CALIBRATION,5.354,10.165,-4.812,6.672,6.398,18.678,-12.28,23.163,17.333,31.862,-14.529,43.379,35.496,11.989,37.925,44.318,21.291,10.165,8.196,5.354,18.678,15.75,6.398,31.862,32.042,17.333
81811,KE-1,CALIBRATION,44.357,26.129,18.228,27.544,49.24,39.026,10.214,51.501,22.779,59.055,-36.276,76.277,38.858,55.94,73.271,104.989,41.423,26.129,40.522,44.357,39.026,46.395,49.24,59.055,18.783,22.779
81813,KE-1,CALIBRATION,2.639,12.387,-9.748,14.352,11.787,21.735,-9.948,10.326,28.966,19.63,9.335,33.325,87.923,81.699,99.595,85.65,99.084,12.387,2.66,2.639,21.735,11.886,11.787,19.63,26.913,28.966
81814,KE-1,CALIBRATION,20.643,15.61,5.032,29.339,41.838,5.112,36.725,37.634,NOT_AVAILABLE,48.22,NOT_AVAILABLE,NOT_AVAILABLE,NOT_AVAILABLE,172.172,205.977,193.528,204.736,15.61,19.585,20.643,5.112,41.577,41.838,48.22,NOT_AVAILABLE,NOT_AVAILABLE
81816,KE-1,CALIBRATION,23.073,17.762,5.311,37.479,37.007,34.649,2.358,62.539,44.652,55.641,-10.989,92.294,58.566,39.353,59.099,67.807,16.535,17.762,25.44,23.073,34.649,47.664,37.007,55.641,63.535,44.652
48965,KE-2,CALIBRATION,9.865,9.828,0.037,1.118,5.273,21.001,-15.728,15.859,12.056,20.569,-8.514,32.597,52.209,53.817,54.257,57.527,49.759,9.828,9.577,9.865,21.001,7.082,5.273,20.569,10.262,12.056
81802,KE-2,CALIBRATION,13.945,1.487,12.458,15.091,34.31,7.466,26.844,26.998,49.226,26.706,22.519,26.453,76.63,98.344,80.157,100.092,108.571,1.487,14.04,13.945,7.466,33.725,34.31,26.706,50.99,49.226
90141,KE-2,CALIBRATION,12.078,28.443,-16.365,34.325,29.476,77.943,-48.468,83.518,39.643,158.931,-119.287,141.397,70.983,93.295,72.271,100.217,70.905,28.443,4.427,12.078,77.943,15.402,29.476,158.931,14.977,39.643
90142,KE-2,CALIBRATION,18.575,14.072,4.502,16.903,31.996,30.812,1.185,32.633,40.552,44.239,-3.687,50.924,5.685,45.298,10.346,49.12,37.048,14.072,20.568,18.575,30.812,37.503,31.996,44.239,51.677,40.552
90145,KE-2,CALIBRATION,17.041,27.992,-10.951,36.101,14.916,69.708,-54.792,75.004,16.414,104.183,-87.769,89.667,120.676,139.966,134.66,150.073,131.458,27.992,11.536,17.041,69.708,8.884,14.916,104.183,21.727,16.414
48985,KE-H1,HOLDOUT,7.63,8.223,-0.593,7.94,8.517,21.544,-13.026,21.512,19.343,48.81,-29.467,52.322,19.017,40.051,24.536,55.705,31.456,8.223,10.273,7.63,21.544,11.849,8.517,48.81,22.839,19.343
81806,KE-H1,HOLDOUT,5.975,1.941,4.034,7.292,7.566,6.096,1.469,13.516,5.529,12.091,-6.563,17.525,51.833,45.351,51.982,47.599,48.477,1.941,2.992,5.975,6.096,4.796,7.566,12.091,7.037,5.529
90135,KE-H1,HOLDOUT,33.569,21.517,12.052,18.828,59.283,27.504,31.779,41.686,58.57,24.444,34.125,35.87,122.244,101.547,128.254,106.154,104.782,21.517,31.961,33.569,27.504,56.083,59.283,24.444,57.508,58.57
90149,KE-H1,HOLDOUT,12.722,4.089,8.633,15.284,21.517,8.88,12.637,29.655,26.355,17.603,8.753,42.85,38.362,79.693,39.71,83.845,62.188,4.089,15.025,12.722,8.88,26.378,21.517,17.603,30.524,26.355
90150,KE-H1,HOLDOUT,37.918,23.705,14.213,46.232,61.804,58.664,3.14,91.64,64.032,89.37,-25.338,122.794,65.113,125.215,69.466,128.243,112.667,23.705,34.495,37.918,58.664,58.905,61.804,89.37,69.208,64.032
89898,KE-H3,HOLDOUT,1.764,13.802,-12.038,15.376,17.904,17.08,0.824,31.382,34.389,10.265,24.124,43.779,112.497,150.297,120.412,173.068,140.071,13.802,6.807,1.764,17.08,26.06,17.904,10.265,52.084,34.389
90146,KE-H3,HOLDOUT,12.534,16.625,-4.091,19.656,22.032,22.74,-0.708,39.81,10.81,29.497,-18.687,39.087,71.561,101.085,72.025,141.661,81.357,16.625,6.766,12.534,22.74,19.158,22.032,29.497,31.665,10.81
92981,KE-H3,HOLDOUT,8.827,13.072,-4.245,20.449,22.746,12.402,10.344,31.941,27.923,33.118,-5.195,25.065,127.336,140.511,141.253,174.169,154.559,13.072,14.439,8.827,12.402,31.834,22.746,33.118,36.862,27.923
98996,KE-H3,HOLDOUT,29.53,12.299,17.231,23.437,62.962,35.126,27.836,42.083,97.454,90.497,6.958,52.116,46.77,12.233,50.507,37.045,79.433,12.299,19.701,29.53,35.126,46.89,62.962,90.497,83.052,97.454
98997,KE-H3,HOLDOUT,11.802,17.752,-5.95,21.482,25.269,33.816,-8.547,39.078,44.746,37.114,7.632,53.829,56.756,42.506,59.614,70.311,12.151,17.752,17.993,11.802,33.816,36.955,25.269,37.114,51.988,44.746
98998,KE-H3,HOLDOUT,2.164,22.802,-20.638,21.366,12.355,43.279,-30.924,36.49,18.179,58.451,-40.272,42.135,56.236,66.716,64.618,82.714,51.185,22.802,8.506,2.164,43.279,9.4,12.355,58.451,14.309,18.179
99006,KE-H3,HOLDOUT,3.181,7.39,-4.209,10.087,20.494,14.086,6.407,26.473,29.904,11.846,18.058,29.885,12.575,31.281,22.578,50.781,26.356,7.39,5.228,3.181,14.086,11.096,20.494,11.846,24.151,29.904
