drifter_id,dataset,unit,region,obs_disp_24h,obs_bearing_24h,obs_path_hourly_24h,obs_disp_48h,obs_bearing_48h,obs_path_hourly_48h,obs_disp_72h,obs_bearing_72h,obs_path_hourly_72h,E24_a002,model_disp_24h_a002,model_path_24h_a002,model_path_hourly_24h_a002,model_bearing_24h_a002,bearing_diff_24h_a002,east_offset_24h_a002,north_offset_24h_a002,disp_ratio_24h_a002,path_ratio_hourly_24h_a002,path_excess_24h_a002,endpoint_over_path_24h_a002,E48_a002,model_disp_48h_a002,model_path_48h_a002,model_path_hourly_48h_a002,model_bearing_48h_a002,bearing_diff_48h_a002,east_offset_48h_a002,north_offset_48h_a002,disp_ratio_48h_a002,path_ratio_hourly_48h_a002,path_excess_48h_a002,endpoint_over_path_48h_a002,E72_a002,model_disp_72h_a002,model_path_72h_a002,model_path_hourly_72h_a002,model_bearing_72h_a002,bearing_diff_72h_a002,east_offset_72h_a002,north_offset_72h_a002,disp_ratio_72h_a002,path_ratio_hourly_72h_a002,path_excess_72h_a002,endpoint_over_path_72h_a002,growth_48_24_a002,growth_72_48_a002,growth_ratio_72_24_a002,growth_class_a002,E24_a0,model_disp_24h_a0,model_path_24h_a0,model_path_hourly_24h_a0,model_bearing_24h_a0,bearing_diff_24h_a0,east_offset_24h_a0,north_offset_24h_a0,disp_ratio_24h_a0,path_ratio_hourly_24h_a0,path_excess_24h_a0,endpoint_over_path_24h_a0,E48_a0,model_disp_48h_a0,model_path_48h_a0,model_path_hourly_48h_a0,model_bearing_48h_a0,bearing_diff_48h_a0,east_offset_48h_a0,north_offset_48h_a0,disp_ratio_48h_a0,path_ratio_hourly_48h_a0,path_excess_48h_a0,endpoint_over_path_48h_a0,E72_a0,model_disp_72h_a0,model_path_72h_a0,model_path_hourly_72h_a0,model_bearing_72h_a0,bearing_diff_72h_a0,east_offset_72h_a0,north_offset_72h_a0,disp_ratio_72h_a0,path_ratio_hourly_72h_a0,path_excess_72h_a0,endpoint_over_path_72h_a0,growth_48_24_a0,growth_72_48_a0,growth_ratio_72_24_a0,growth_class_a0,delta_24h,alpha_sep_24h,windage_toward_obs_24h,delta_48h,alpha_sep_48h,windage_toward_obs_48h,delta_72h,alpha_sep_72h,windage_toward_obs_72h,delta_sign_24_48_72,delta_sign_persistent,delta_sign_changes
127198,CALIBRATION,AG-1,AG,124.474,61.096,125.364,232.033,59.353,233.711,308.466,72.016,335.036,143.319,33.376,37.651,37.61,302.846,118.25,-137.166,-42.779,0.268,0.3,1.128,0.886,238.223,151.066,167.498,167.423,345.844,73.509,-236.455,25.739,0.651,0.716,1.109,0.902,323.38,210.616,241.654,241.559,357.599,74.418,-302.156,109.671,0.683,0.721,1.147,0.872,94.904,85.156,2.256,A,142.98,33.541,37.8,37.76,303.836,117.26,-136.983,-42.206,0.269,0.301,1.127,0.887,237.414,151.29,167.486,167.411,346.205,73.148,-235.587,26.182,0.652,0.716,1.107,0.903,321.997,208.868,239.838,239.74,357.806,74.21,-301.34,107.954,0.677,0.716,1.148,0.871,94.434,84.583,2.252,A,0.339,0.601,-0.002,0.809,0.977,-0.003,1.382,1.906,-0.004,pos/pos/pos,True,0
127199,CALIBRATION,AG-1,AG,126.107,61.421,127.127,233.349,59.398,235.206,308.854,72.049,336.238,144.38,33.603,37.845,37.806,304.679,116.743,-138.528,-41.95,0.266,0.297,1.126,0.888,237.391,152.337,168.417,168.344,346.827,72.571,-235.455,27.034,0.653,0.716,1.106,0.905,319.828,209.404,240.659,240.564,358.633,73.416,-298.804,108.611,0.678,0.715,1.149,0.87,93.011,82.437,2.215,A,144.014,33.783,38.0,37.961,305.715,115.706,-138.321,-41.348,0.268,0.299,1.125,0.889,236.558,152.338,168.15,168.076,347.161,72.237,-234.592,27.231,0.653,0.715,1.104,0.906,318.506,207.516,238.643,238.545,358.815,73.234,-298.11,106.738,0.672,0.709,1.15,0.87,92.544,81.948,2.212,A,0.366,0.636,-0.003,0.833,0.888,-0.004,1.322,2.001,-0.004,pos/pos/pos,True,0
127272,CALIBRATION,AG-1,AG,33.621,229.769,33.901,63.345,225.327,64.217,80.755,227.769,83.923,27.47,60.977,61.076,61.075,226.601,3.169,-18.735,-20.109,1.814,1.802,1.002,0.998,55.056,118.193,118.877,118.87,228.49,3.164,-43.793,-33.474,1.866,1.851,1.006,0.994,106.115,186.183,188.312,188.304,233.404,5.635,-90.622,-55.67,2.306,2.244,1.011,0.989,27.586,51.059,3.863,A,25.99,59.453,59.565,59.564,226.103,3.666,-17.266,-19.443,1.768,1.757,1.002,0.998,51.132,114.311,115.048,115.041,228.09,2.763,-40.323,-31.531,1.805,1.791,1.006,0.994,102.801,182.865,185.129,185.12,233.383,5.614,-87.87,-53.791,2.264,2.206,1.012,0.988,25.141,51.67,3.955,A,1.48,1.611,-0.057,3.925,3.966,-0.077,3.314,3.319,-0.032,pos/pos/pos,True,0
127313,CALIBRATION,AG-1,AG,144.73,219.721,155.855,308.077,216.434,321.205,449.489,223.631,471.872,63.55,81.579,88.032,88.011,223.477,3.756,36.688,51.813,0.564,0.565,1.079,0.927,142.936,168.186,180.048,180.023,209.042,7.393,102.257,99.245,0.546,0.56,1.071,0.934,238.212,240.965,255.853,255.823,203.469,20.162,215.3,99.134,0.536,0.542,1.062,0.942,79.385,95.277,3.748,A,64.757,80.329,86.835,86.814,223.327,3.606,37.7,52.57,0.555,0.557,1.081,0.925,144.932,166.411,178.366,178.341,208.686,7.748,104.012,100.282,0.54,0.555,1.072,0.933,239.003,240.645,255.376,255.347,203.269,20.362,216.187,99.084,0.535,0.541,1.061,0.942,80.175,94.071,3.691,A,-1.207,1.268,0.019,-1.996,2.057,0.014,-0.79,0.899,0.003,neg/neg/neg,True,0
127314,CALIBRATION,AG-1,AG,78.492,300.708,87.427,124.266,263.894,168.75,98.763,246.218,221.503,47.299,40.028,44.54,44.528,329.136,28.428,46.939,-5.942,0.51,0.509,1.113,0.899,60.676,79.98,102.152,102.129,287.908,24.014,47.76,37.303,0.644,0.605,1.277,0.783,45.89,128.458,166.418,166.39,264.088,17.87,-37.031,27.029,1.301,0.751,1.296,0.772,13.377,-14.786,0.97,C,48.617,39.766,44.194,44.183,331.21,30.502,48.324,-5.454,0.507,0.505,1.111,0.9,64.073,79.06,100.864,100.841,290.378,26.483,49.768,40.223,0.636,0.598,1.276,0.784,47.705,128.466,167.098,167.071,265.294,19.077,-37.252,29.725,1.301,0.754,1.301,0.769,15.455,-16.368,0.981,C,-1.318,1.468,0.027,-3.396,3.548,0.053,-1.815,2.705,0.039,neg/neg/neg,True,0
127315,CALIBRATION,AG-1,AG,75.54,246.03,77.897,131.642,239.77,135.241,181.032,240.719,185.847,23.293,53.889,55.737,55.722,253.751,7.721,17.379,15.493,0.713,0.715,1.034,0.967,44.649,122.566,125.847,125.824,259.589,19.819,-6.211,44.213,0.931,0.93,1.027,0.974,56.37,182.984,186.979,186.952,258.528,17.809,-20.368,52.538,1.011,1.006,1.022,0.979,21.356,11.721,2.42,A,24.375,52.565,54.426,54.412,253.441,7.411,18.728,15.582,0.696,0.699,1.035,0.966,44.145,121.372,124.721,124.697,259.327,19.557,-4.946,43.866,0.922,0.922,1.028,0.973,55.299,184.082,188.233,188.205,258.118,17.399,-21.203,51.047,1.017,1.013,1.023,0.978,19.77,11.154,2.269,A,-1.082,1.355,0.045,0.504,1.318,-0.011,1.071,1.711,-0.019,neg/pos/pos,False,1
132511,CALIBRATION,AG-1,AG,41.696,241.683,47.753,62.537,222.569,99.645,90.051,234.668,133.398,39.952,48.945,49.187,49.185,190.132,51.552,28.068,-28.479,1.174,1.03,1.005,0.995,55.875,83.779,86.213,86.205,180.738,41.831,41.221,-37.823,1.34,0.865,1.029,0.972,105.167,122.398,125.485,125.469,177.741,56.927,78.331,-70.546,1.359,0.941,1.025,0.975,15.922,49.292,2.632,A,40.743,49.188,49.447,49.445,189.2,52.484,28.816,-28.853,1.18,1.035,1.005,0.995,59.96,87.926,90.295,90.287,179.598,42.972,42.926,-41.975,1.406,0.906,1.027,0.974,112.085,130.504,133.373,133.358,177.018,57.65,80.32,-78.57,1.449,1.0,1.022,0.978,19.217,52.125,2.751,A,-0.791,0.834,0.019,-4.085,4.485,0.069,-6.918,8.262,0.063,neg/neg/neg,True,0
132528,CALIBRATION,AG-1,AG,44.678,225.54,46.938,108.006,248.142,117.627,85.528,258.498,148.494,25.126,36.201,38.179,38.17,259.743,34.203,-3.636,24.861,0.81,0.813,1.055,0.948,19.304,91.701,94.493,94.477,254.094,5.952,12.199,14.953,0.849,0.803,1.03,0.97,65.919,146.033,152.088,152.068,245.052,13.445,-49.247,-43.954,1.707,1.024,1.041,0.96,-5.822,46.615,2.624,B,25.684,34.149,36.204,36.194,260.441,34.901,-1.691,25.629,0.764,0.771,1.06,0.943,24.056,87.096,89.93,89.913,255.174,7.031,16.211,17.759,0.806,0.764,1.033,0.968,61.421,142.374,148.062,148.04,246.398,12.1,-47.228,-39.392,1.665,0.997,1.04,0.962,-1.628,37.364,2.391,B,-0.559,2.096,0.025,-4.752,4.903,0.199,4.499,4.985,-0.073,neg/neg/pos,False,1
132634,CALIBRATION,AG-1,AG,79.774,31.507,90.59,125.507,343.832,192.309,135.1,298.643,297.946,34.178,45.909,47.211,47.204,27.134,4.373,-20.69,-27.227,0.575,0.521,1.028,0.972,75.794,74.596,80.218,80.195,17.567,33.735,57.578,-49.463,0.594,0.417,1.075,0.93,123.195,88.772,108.383,108.348,1.468,62.825,120.837,23.229,0.657,0.364,1.221,0.819,41.616,47.401,3.605,A,33.36,46.585,47.844,47.838,28.338,3.169,-19.513,-27.078,0.584,0.528,1.027,0.974,76.329,76.827,82.358,82.336,18.671,34.839,59.664,-47.792,0.612,0.428,1.072,0.933,124.525,91.261,112.17,112.137,1.96,63.317,121.681,25.694,0.676,0.376,1.229,0.814,42.969,48.196,3.733,A,0.818,1.183,-0.024,-0.535,2.665,0.007,-1.33,2.606,0.011,pos/neg/neg,False,1
127281,CALIBRATION,AG-2,AG,139.357,221.112,146.309,256.05,231.111,267.821,352.788,241.728,392.66,116.865,25.086,26.365,26.343,197.214,23.898,84.277,80.535,0.18,0.18,1.051,0.951,232.889,28.36,37.229,37.141,197.74,33.371,190.794,131.344,0.111,0.139,1.313,0.762,331.318,23.912,49.933,49.819,216.476,25.252,296.77,142.047,0.068,0.127,2.088,0.479,116.024,98.429,2.835,A,116.375,25.835,27.162,27.14,196.468,24.644,84.375,79.721,0.185,0.185,1.051,0.951,232.677,29.624,38.009,37.921,195.288,35.823,191.61,129.778,0.116,0.142,1.283,0.779,330.76,25.655,49.891,49.78,211.972,29.756,297.386,139.511,0.073,0.127,1.945,0.514,116.302,98.084,2.842,A,0.49,0.819,-0.004,0.212,1.771,-0.001,0.557,2.612,-0.001,pos/pos/pos,True,0
71155,CALIBRATION,KE-1,KE,76.331,58.198,83.706,121.161,57.058,132.46,127.48,44.766,161.594,18.379,84.473,85.981,85.959,69.976,11.778,14.392,-11.419,1.107,1.027,1.018,0.982,37.036,138.707,140.99,140.962,71.513,14.454,29.535,-22.296,1.145,1.064,1.016,0.984,102.331,172.16,184.774,184.741,80.974,36.208,79.007,-64.675,1.35,1.143,1.073,0.932,18.657,65.295,5.568,A,17.005,83.907,85.225,85.202,69.114,10.916,13.43,-10.42,1.099,1.018,1.016,0.985,28.175,134.866,136.717,136.687,68.11,11.052,23.234,-15.905,1.113,1.032,1.014,0.986,76.116,161.93,166.899,166.864,72.093,27.327,63.584,-41.609,1.27,1.033,1.031,0.97,11.17,47.942,4.476,A,1.374,1.387,-0.081,8.861,8.984,-0.313,26.215,27.8,-0.335,pos/pos/pos,True,0
81801,CALIBRATION,KE-1,KE,18.713,228.675,26.822,57.347,195.497,75.808,78.333,174.151,113.105,6.03,24.584,25.07,25.069,224.987,3.688,-3.318,-5.035,1.314,0.935,1.02,0.981,18.216,48.532,51.136,51.127,212.878,17.38,-11.057,14.482,0.846,0.674,1.054,0.949,16.207,70.923,87.431,87.415,185.249,11.098,-14.475,7.3,0.905,0.773,1.233,0.811,12.186,-2.009,2.688,C,7.468,26.075,26.557,26.556,225.411,3.264,-4.506,-5.954,1.393,0.99,1.019,0.982,17.663,50.182,53.073,53.065,212.806,17.308,-11.897,13.061,0.875,0.7,1.058,0.946,14.404,72.918,90.989,90.973,184.284,10.132,-13.431,5.212,0.931,0.804,1.248,0.801,10.195,-3.259,1.929,C,-1.438,1.503,0.194,0.554,1.651,-0.028,1.803,2.334,-0.12,neg/pos/pos,False,1
81805,CALIBRATION,KE-1,KE,15.754,206.292,18.66,38.247,207.683,41.744,47.347,216.89,55.386,11.633,12.513,18.145,18.113,253.183,46.89,-5.011,10.499,0.794,0.971,1.45,0.69,33.386,35.025,42.133,42.092,261.679,53.996,-16.981,28.758,0.916,1.008,1.203,0.831,43.692,60.868,68.908,68.861,262.423,45.532,-32.082,29.708,1.286,1.243,1.132,0.883,21.753,10.306,3.756,A,11.712,14.718,19.537,19.508,251.341,45.048,-6.978,9.408,0.934,1.045,1.327,0.753,33.772,40.097,46.138,46.101,258.687,51.004,-21.645,25.945,1.048,1.104,1.151,0.869,43.791,66.655,73.419,73.378,257.844,40.954,-36.882,23.671,1.408,1.325,1.101,0.908,22.06,10.019,3.739,A,-0.079,2.248,0.025,-0.386,5.437,0.024,-0.099,7.706,0.017,neg/neg/neg,True,0
81807,CALIBRATION,KE-1,KE,8.701,164.659,11.355,14.121,174.932,26.581,21.291,169.278,37.331,10.165,2.692,13.853,13.809,48.855,115.804,-0.273,10.162,0.309,1.216,5.147,0.194,18.678,4.892,27.838,27.753,330.233,155.301,-3.681,18.313,0.346,1.044,5.69,0.176,31.862,11.989,44.318,44.199,314.269,144.991,-12.569,29.285,0.563,1.184,3.697,0.271,8.513,13.183,3.134,A,9.283,0.673,14.055,14.012,15.836,148.824,-2.118,9.038,0.077,1.234,20.897,0.048,17.855,6.218,28.504,28.418,292.3,117.368,-7.009,16.424,0.44,1.069,4.584,0.218,31.073,13.263,45.783,45.659,295.82,126.542,-15.93,26.69,0.623,1.223,3.452,0.29,8.572,13.218,3.347,A,0.883,2.159,-0.073,0.823,3.822,-0.024,0.789,4.239,-0.017,pos/pos/pos,True,0
81811,CALIBRATION,KE-1,KE,55.145,133.446,64.126,65.936,86.759,121.355,41.423,13.749,195.525,26.129,32.174,33.192,33.184,150.446,17.001,-24.152,9.999,0.583,0.517,1.032,0.969,39.026,53.332,65.994,65.978,123.049,36.29,-21.272,-32.697,0.809,0.544,1.237,0.808,59.055,55.94,104.989,104.954,86.714,72.965,45.798,-37.179,1.35,0.537,1.877,0.533,12.897,20.029,2.26,A,26.172,33.05,33.929,33.921,152.359,18.913,-24.691,8.71,0.599,0.529,1.027,0.974,40.669,54.396,67.291,67.275,124.761,38.002,-21.294,-34.626,0.825,0.554,1.237,0.808,61.314,57.509,107.085,107.05,88.368,74.619,47.42,-38.756,1.388,0.548,1.862,0.537,14.496,20.645,2.343,A,-0.043,1.397,0.003,-1.643,1.929,0.041,-2.259,2.267,0.037,neg/neg/neg,True,0
81813,CALIBRATION,KE-1,KE,29.339,111.438,30.303,65.542,103.281,68.02,99.084,94.0,104.174,12.387,30.342,30.97,30.966,87.557,23.881,3.04,12.009,1.034,1.022,1.021,0.98,21.735,49.161,50.545,50.525,88.823,14.458,-14.564,16.144,0.75,0.743,1.028,0.973,19.63,81.699,85.65,85.629,99.808,5.808,-18.39,-6.851,0.825,0.822,1.048,0.954,9.348,-2.105,1.585,C,11.295,29.723,30.351,30.348,89.4,22.038,2.443,11.028,1.013,1.001,1.021,0.979,21.874,47.267,48.625,48.606,90.882,12.399,-16.463,14.415,0.721,0.715,1.029,0.972,23.047,79.259,82.958,82.937,101.605,7.605,-21.269,-8.857,0.8,0.796,1.047,0.955,10.579,1.174,2.04,A,1.092,1.148,-0.096,-0.139,2.567,0.013,-3.417,3.511,0.149,pos/neg/neg,False,1
81814,CALIBRATION,KE-1,KE,50.714,110.22,51.117,110.348,110.715,111.427,204.736,115.532,207.376,15.61,47.02,48.314,48.297,92.352,17.868,-0.524,15.602,0.927,0.945,1.028,0.973,5.112,115.315,123.19,123.161,110.101,0.614,5.069,-0.659,1.045,1.105,1.068,0.936,48.22,172.172,193.528,193.494,126.403,10.871,-46.377,-13.087,0.841,0.933,1.124,0.89,-10.498,43.108,3.089,B,14.917,47.32,48.612,48.595,93.168,17.052,-0.261,14.915,0.933,0.951,1.027,0.973,3.487,113.786,121.413,121.384,110.418,0.297,3.415,-0.704,1.031,1.089,1.067,0.937,51.867,167.802,189.234,189.198,126.808,11.277,-50.571,-11.383,0.82,0.912,1.128,0.887,-11.43,48.38,3.477,B,0.693,0.736,-0.046,1.625,1.655,-0.462,-3.647,4.532,0.072,pos/pos/neg,False,1
81816,CALIBRATION,KE-1,KE,6.645,55.764,20.014,3.919,309.868,34.015,16.535,308.886,52.862,17.762,23.099,27.318,27.29,87.091,31.327,17.57,-2.59,3.476,1.364,1.183,0.846,34.649,31.12,46.356,46.283,102.549,152.681,33.358,-9.316,7.94,1.361,1.49,0.671,55.641,39.353,67.807,67.68,117.078,168.193,47.818,-28.343,2.38,1.28,1.723,0.58,16.887,20.992,3.133,A,15.92,21.207,25.894,25.859,87.209,31.445,15.683,-2.726,3.191,1.292,1.221,0.819,31.427,27.942,44.45,44.368,100.861,150.993,30.43,-7.812,7.129,1.304,1.591,0.629,50.633,34.486,65.109,64.97,113.792,164.906,44.354,-24.331,2.086,1.229,1.888,0.53,15.508,19.206,3.181,A,1.842,1.892,-0.115,3.222,3.294,-0.102,5.008,5.306,-0.098,pos/pos/pos,True,0
48965,CALIBRATION,KE-2,KE,14.361,233.771,18.112,31.306,248.304,39.874,49.759,260.733,62.07,9.828,16.982,17.084,17.083,269.082,35.311,-5.412,8.206,1.183,0.943,1.006,0.994,21.001,40.176,41.942,41.924,279.439,31.135,-10.631,18.118,1.283,1.051,1.044,0.958,20.569,53.817,57.527,57.486,283.204,22.471,-3.414,20.285,1.082,0.926,1.069,0.936,11.173,-0.432,2.093,C,9.604,16.354,16.475,16.474,269.471,35.699,-4.786,8.328,1.139,0.91,1.007,0.993,20.435,39.359,41.078,41.061,279.338,31.034,-9.833,17.919,1.257,1.03,1.044,0.958,20.146,53.152,56.888,56.846,282.998,22.265,-2.806,19.95,1.068,0.916,1.07,0.934,10.831,-0.289,2.098,C,0.224,0.638,-0.021,0.566,0.821,-0.027,0.423,0.693,-0.021,pos/pos/pos,True,0
81802,CALIBRATION,KE-2,KE,36.934,217.343,37.845,75.604,204.907,78.54,108.571,197.203,114.02,1.487,38.404,38.841,38.833,216.995,0.348,-0.702,-1.311,1.04,1.026,1.011,0.989,7.466,71.515,72.858,72.847,209.776,4.869,-3.696,6.487,0.946,0.928,1.019,0.982,26.706,98.344,100.092,100.078,210.916,13.713,-18.508,19.269,0.906,0.878,1.018,0.983,5.979,19.24,17.96,A,1.947,37.166,37.616,37.608,214.353,2.989,1.434,-1.317,1.006,0.994,1.012,0.988,5.83,70.391,71.782,71.771,206.958,2.05,-0.087,5.829,0.931,0.914,1.02,0.981,22.659,97.509,99.382,99.368,208.232,11.029,-14.093,17.752,0.898,0.871,1.019,0.981,3.883,16.829,11.639,A,-0.46,2.136,0.81,1.636,3.667,-0.122,4.048,4.662,-0.173,neg/pos/pos,False,1
90141,CALIBRATION,KE-2,KE,22.04,41.409,22.899,42.445,58.099,46.488,70.905,65.332,78.488,28.443,13.741,16.852,16.819,298.582,102.827,-26.629,-9.952,0.623,0.734,1.226,0.815,77.943,39.549,45.637,45.592,274.29,143.809,-75.376,-19.487,0.932,0.981,1.154,0.867,158.931,93.295,100.217,100.159,274.722,150.61,-157.158,-22.19,1.316,1.276,1.074,0.931,49.5,80.987,5.588,A,28.682,12.979,16.271,16.241,294.285,107.124,-26.392,-11.188,0.589,0.709,1.254,0.798,77.023,38.107,44.018,43.976,272.195,145.903,-74.014,-20.979,0.898,0.946,1.155,0.866,154.377,88.122,94.922,94.864,273.279,152.053,-152.143,-24.774,1.243,1.209,1.077,0.928,48.341,77.354,5.382,A,-0.239,1.258,0.009,0.921,2.023,-0.012,4.554,5.655,-0.029,neg/pos/pos,False,1
90142,CALIBRATION,KE-2,KE,15.655,287.054,16.899,27.804,286.193,35.641,37.048,283.946,46.796,14.072,15.966,16.842,16.832,339.894,52.84,9.471,10.414,1.02,0.996,1.055,0.948,30.812,30.291,32.4,32.38,350.086,63.893,21.471,22.129,1.089,0.909,1.07,0.935,44.239,45.298,49.12,49.084,348.022,64.076,26.512,35.46,1.223,1.049,1.084,0.922,16.739,13.427,3.144,A,13.615,14.983,15.906,15.896,339.764,52.71,9.778,9.48,0.957,0.941,1.062,0.942,29.315,27.971,30.166,30.143,349.61,63.417,21.643,19.803,1.006,0.846,1.078,0.927,40.173,40.849,44.988,44.948,345.809,61.863,25.902,30.751,1.103,0.961,1.101,0.908,15.701,10.858,2.951,A,0.458,0.984,-0.032,1.496,2.332,-0.049,4.066,4.748,-0.1,pos/pos/pos,True,0
90145,CALIBRATION,KE-2,KE,47.181,310.053,48.676,90.388,329.284,99.162,131.458,347.115,153.056,27.992,66.604,67.036,67.03,289.338,20.715,-26.668,-8.463,1.412,1.377,1.006,0.994,69.708,115.786,116.893,116.879,292.286,36.998,-60.526,-34.357,1.281,1.179,1.01,0.991,104.183,139.966,150.073,150.058,302.104,45.011,-88.46,-54.556,1.065,0.98,1.072,0.933,41.716,34.476,3.722,A,28.501,66.128,66.571,66.565,288.079,21.974,-26.674,-9.997,1.402,1.367,1.007,0.993,72.964,116.408,117.531,117.516,290.468,38.815,-62.398,-37.584,1.288,1.185,1.01,0.99,112.157,141.162,148.91,148.893,298.687,48.428,-93.598,-61.258,1.074,0.973,1.055,0.948,44.464,39.192,3.935,A,-0.509,1.534,0.019,-3.257,3.734,0.045,-7.974,8.467,0.071,neg/neg/neg,True,0
48985,HOLDOUT,KE-H1,KE,13.598,41.806,15.7,18.444,50.051,29.894,31.456,60.025,52.948,8.223,10.468,11.549,11.531,4.642,37.164,-8.218,0.303,0.77,0.734,1.103,0.906,21.544,19.502,25.903,25.849,340.928,69.123,-20.517,6.599,1.057,0.865,1.328,0.753,48.81,40.051,55.705,55.558,334.832,85.193,-44.327,20.562,1.273,1.049,1.391,0.719,13.321,27.267,5.936,A,8.106,9.275,10.607,10.587,6.256,35.549,-8.054,-0.911,0.682,0.674,1.144,0.874,21.494,18.532,25.254,25.21,338.967,71.084,-20.795,5.465,1.005,0.843,1.363,0.734,48.885,38.936,55.098,54.96,332.733,87.292,-45.13,18.92,1.238,1.038,1.415,0.707,13.388,27.391,6.031,A,0.117,1.225,-0.003,0.049,1.168,-0.001,-0.075,1.826,0.002,pos/pos/neg,False,1
81806,HOLDOUT,KE-H1,KE,15.063,356.552,16.725,31.448,354.33,36.088,48.477,353.935,54.501,1.941,15.399,15.824,15.819,3.75,7.199,1.913,0.33,1.022,0.946,1.028,0.973,6.096,28.749,29.634,29.622,4.761,10.431,5.493,-2.644,0.914,0.821,1.031,0.97,12.091,45.351,47.599,47.574,8.245,14.31,11.624,-3.324,0.936,0.873,1.05,0.953,4.155,5.995,6.228,A,2.389,14.645,15.081,15.076,5.637,9.085,2.344,-0.461,0.972,0.901,1.03,0.971,7.536,27.393,28.295,28.282,6.753,12.423,6.327,-4.092,0.871,0.784,1.033,0.968,13.843,43.496,45.771,45.745,10.105,16.17,12.749,-5.386,0.897,0.839,1.052,0.95,5.146,6.308,5.794,A,-0.448,0.901,0.241,-1.439,1.671,0.197,-1.752,2.35,0.133,neg/neg/neg,True,0
90135,HOLDOUT,KE-H1,KE,42.454,168.578,44.435,77.345,173.45,80.424,104.782,175.279,110.493,21.517,29.293,30.124,30.117,196.511,27.933,-16.745,13.528,0.69,0.678,1.028,0.972,27.504,61.464,63.696,63.671,192.195,18.745,-21.831,16.758,0.795,0.792,1.036,0.965,24.444,101.547,106.154,106.096,188.769,13.49,-24.111,4.058,0.969,0.96,1.045,0.957,5.988,-3.06,1.136,C,21.07,30.721,31.496,31.488,196.624,28.045,-17.208,12.176,0.724,0.709,1.025,0.975,26.212,65.37,67.493,67.469,192.324,18.874,-22.796,12.969,0.845,0.839,1.032,0.969,24.844,108.461,113.093,113.035,188.515,13.236,-24.676,-2.85,1.035,1.023,1.043,0.959,5.142,-1.368,1.179,C,0.446,1.429,-0.019,1.292,3.909,-0.04,-0.4,6.931,0.054,pos/pos/neg,False,1
90149,HOLDOUT,KE-H1,KE,25.359,343.032,25.909,48.16,338.258,50.85,62.188,332.589,66.776,4.089,28.488,28.59,28.589,337.416,5.615,-3.542,2.044,1.123,1.103,1.004,0.996,8.88,56.187,57.128,57.118,334.077,4.182,-6.742,5.782,1.167,1.123,1.017,0.984,17.603,79.693,83.845,83.798,334.097,1.508,-6.256,16.456,1.281,1.255,1.052,0.95,4.791,8.723,4.305,A,4.277,27.903,28.012,28.011,335.62,7.412,-4.119,1.155,1.1,1.081,1.004,0.996,9.127,54.905,56.042,56.031,331.404,6.854,-8.451,3.451,1.14,1.102,1.021,0.98,15.8,77.507,82.918,82.825,329.396,3.193,-10.887,11.458,1.246,1.24,1.07,0.935,4.849,6.673,3.694,A,-0.188,1.06,0.074,-0.247,2.89,0.077,1.803,6.808,-0.028,neg/neg/pos,False,1
90150,HOLDOUT,KE-H1,KE,47.029,112.928,47.202,85.456,111.022,85.948,112.667,111.193,115.2,23.705,43.26,44.291,44.285,143.001,30.073,-17.331,-16.154,0.92,0.938,1.024,0.977,58.664,86.501,88.668,88.656,150.911,39.889,-37.945,-44.651,1.012,1.032,1.025,0.976,89.37,125.215,128.243,128.228,154.934,43.741,-52.464,-72.183,1.111,1.113,1.024,0.976,34.959,30.706,3.77,A,25.276,44.623,45.723,45.717,144.807,31.879,-17.653,-18.07,0.949,0.969,1.025,0.976,63.93,90.833,93.221,93.209,153.411,42.389,-39.364,-50.28,1.063,1.084,1.026,0.974,99.98,132.96,136.577,136.563,158.344,47.151,-56.47,-82.311,1.18,1.185,1.027,0.974,38.655,36.049,3.956,A,-1.571,1.943,0.063,-5.267,5.807,0.083,-10.61,10.906,0.106,neg/neg/neg,True,0
89898,HOLDOUT,KE-H3,KE,37.157,216.755,39.371,85.241,196.461,92.08,140.071,181.794,154.774,13.802,50.527,50.919,50.915,221.287,4.532,-11.079,-8.226,1.36,1.293,1.008,0.992,17.08,101.78,110.315,110.299,199.084,2.623,-9.079,-14.463,1.194,1.198,1.084,0.923,10.265,150.297,173.068,173.048,181.44,0.353,0.61,-10.247,1.073,1.118,1.152,0.868,3.278,-6.815,0.744,C,13.214,49.817,50.267,50.263,221.795,5.04,-10.944,-7.399,1.341,1.277,1.009,0.991,17.247,101.524,109.733,109.717,199.963,3.503,-10.464,-13.705,1.191,1.192,1.081,0.925,10.224,150.017,171.818,171.798,182.731,0.937,-2.757,-9.845,1.071,1.11,1.145,0.873,4.033,-7.023,0.774,C,0.589,0.838,-0.043,-0.167,1.581,0.014,0.04,3.394,0.051,pos/neg/pos,False,2
90146,HOLDOUT,KE-H3,KE,25.734,262.963,31.074,54.54,256.701,62.778,81.357,241.757,96.231,16.625,39.387,50.064,49.936,245.826,17.137,-10.334,-13.016,1.531,1.607,1.271,0.787,22.74,76.811,102.932,102.646,252.633,4.068,-20.136,-10.54,1.408,1.635,1.34,0.746,29.497,101.085,141.661,141.233,255.646,13.889,-26.419,13.162,1.242,1.468,1.401,0.714,6.115,6.757,1.774,A,15.509,39.159,49.356,49.232,248.912,14.05,-10.947,-10.979,1.522,1.584,1.26,0.793,21.974,76.364,101.431,101.153,254.427,2.275,-20.41,-8.116,1.4,1.611,1.328,0.753,30.134,98.758,139.301,138.888,257.533,15.776,-24.961,16.921,1.214,1.443,1.411,0.709,6.465,8.16,1.943,A,1.116,2.127,-0.065,0.766,2.439,-0.029,-0.637,4.031,0.03,pos/pos/neg,False,1
92981,HOLDOUT,KE-H3,KE,51.035,187.233,52.13,109.446,173.864,114.446,154.559,163.381,167.449,13.072,63.852,64.681,64.677,189.81,2.578,-4.442,-12.294,1.251,1.241,1.013,0.987,12.402,115.961,127.035,127.025,168.495,5.369,11.42,-4.831,1.06,1.11,1.095,0.913,33.118,140.511,174.169,174.151,151.699,11.682,22.557,24.272,0.909,1.04,1.24,0.807,-0.67,20.716,2.533,B,12.518,63.247,64.118,64.114,190.004,2.772,-4.55,-11.661,1.239,1.23,1.014,0.986,11.059,115.936,126.329,126.319,169.308,4.556,9.8,-5.12,1.059,1.104,1.09,0.918,29.938,140.892,172.702,172.684,153.024,10.357,19.835,22.442,0.912,1.031,1.226,0.816,-1.459,18.879,2.392,B,0.554,0.642,-0.044,1.343,1.646,-0.118,3.181,3.275,-0.106,pos/pos/pos,True,0
98996,HOLDOUT,KE-H3,KE,13.013,14.544,23.0,40.109,27.688,51.939,79.433,40.161,95.675,12.299,6.327,9.423,9.389,305.203,69.342,-8.433,-8.949,0.486,0.408,1.489,0.671,35.126,10.793,17.173,17.089,332.266,55.422,-23.646,-25.946,0.269,0.329,1.591,0.629,90.497,12.233,37.045,36.948,247.238,152.923,-62.431,-65.306,0.154,0.386,3.028,0.33,22.827,55.37,7.358,A,10.195,6.304,9.05,9.018,324.398,50.146,-6.935,-7.47,0.484,0.392,1.435,0.697,30.835,11.915,17.922,17.863,354.501,33.187,-19.776,-23.638,0.297,0.344,1.504,0.665,84.199,6.824,36.286,36.215,267.592,132.569,-58.002,-60.855,0.086,0.379,5.317,0.188,20.641,53.364,8.259,A,2.104,2.106,-0.206,4.291,4.515,-0.138,6.297,6.3,-0.075,pos/pos/pos,True,0
98997,HOLDOUT,KE-H3,KE,2.64,307.677,21.632,5.291,0.778,41.891,12.151,59.663,61.48,17.752,20.258,23.473,23.435,324.795,17.118,-9.608,14.932,7.673,1.083,1.159,0.863,33.816,38.819,47.299,47.242,343.091,17.687,-11.401,31.843,7.337,1.128,1.218,0.821,37.114,42.506,70.311,70.233,3.618,56.045,-7.794,36.29,3.498,1.142,1.654,0.605,16.064,3.298,2.091,A,18.468,20.899,24.232,24.197,329.186,21.509,-8.635,16.33,7.916,1.119,1.159,0.862,33.209,38.398,47.989,47.935,350.31,10.468,-6.558,32.557,7.257,1.144,1.25,0.8,36.421,43.631,71.689,71.618,12.786,46.877,-0.794,36.413,3.591,1.165,1.643,0.609,14.741,3.212,1.972,A,-0.717,1.702,0.042,0.607,4.879,-0.008,0.693,6.975,-0.001,neg/pos/pos,False,1
98998,HOLDOUT,KE-H3,KE,22.428,205.093,35.214,34.719,221.174,56.814,51.185,225.11,77.333,22.802,26.538,32.689,32.66,259.823,54.73,-16.651,15.592,1.183,0.927,1.232,0.812,43.279,53.442,64.996,64.953,275.037,53.863,-30.548,30.705,1.539,1.143,1.216,0.822,58.451,66.716,82.714,82.658,282.762,57.653,-29.149,50.709,1.303,1.069,1.24,0.807,20.477,15.173,2.563,A,23.709,26.075,31.947,31.919,263.035,57.942,-16.418,17.119,1.163,0.906,1.225,0.816,41.253,50.204,60.864,60.822,275.681,54.508,-27.261,31.001,1.446,1.071,1.212,0.825,55.689,63.34,77.384,77.327,282.12,57.01,-25.984,49.291,1.237,1.0,1.222,0.819,17.544,14.436,2.349,A,-0.907,1.545,0.04,2.025,3.29,-0.047,2.762,3.453,-0.049,neg/pos/pos,False,1
99006,HOLDOUT,KE-H3,KE,5.204,281.726,16.445,16.722,334.32,34.512,26.356,353.731,50.354,7.39,11.994,13.0,12.992,302.987,21.261,-4.971,5.469,2.305,0.79,1.084,0.923,14.086,29.8,34.439,34.422,320.857,13.464,-11.58,8.027,1.782,0.997,1.156,0.865,11.846,31.281,50.781,50.704,332.105,21.626,-11.759,1.439,1.187,1.007,1.623,0.616,6.697,-2.241,1.603,C,7.809,12.189,13.267,13.26,307.06,25.333,-4.637,6.285,2.342,0.806,1.089,0.919,13.249,29.14,33.015,33.001,322.305,12.016,-10.585,7.974,1.743,0.956,1.133,0.883,13.42,31.896,48.73,48.656,329.395,24.337,-13.363,1.242,1.21,0.966,1.528,0.655,5.44,0.17,1.718,A,-0.42,0.881,0.059,0.837,0.995,-0.062,-1.574,1.616,0.118,neg/pos/neg,False,2
