drifter_id,unit,role,error_C002_24h,error_T002_24h,error_C0_24h,error_T0_24h,error_C002_48h,error_T002_48h,error_C0_48h,error_T0_48h,error_C002_72h,error_T002_72h,error_C0_72h,error_T0_72h,delta_24h,delta_48h,delta_72h,deltaS_24h,deltaS_48h,deltaS_72h,endpoint_C002_72h,endpoint_T002_72h,endpoint_C0_72h,endpoint_T0_72h,path_C002,path_T002,path_C0,path_T0,sep_T002_C002_24h,sep_T002_C002_48h,sep_T002_C002_72h,sep_T0_C0_24h,sep_T0_C0_48h,sep_T0_C0_72h,observed_72h
127198,AG-1,CALIBRATION,69.677,68.808,68.984,68.111,124.876,127.627,122.818,125.567,147.7,151.486,146.58,150.22,-0.869,2.751,3.786,-0.872,2.749,3.64,166.876,162.399,168.663,164.238,181.07,175.276,183.707,177.834,1.272,2.816,4.581,1.274,2.795,4.557,308.466
127199,AG-1,CALIBRATION,71.146,70.192,70.46,69.502,125.036,127.746,122.981,125.689,146.416,150.141,145.292,148.883,-0.954,2.71,3.725,-0.958,2.709,3.591,168.361,163.947,170.149,165.774,182.888,177.137,185.529,179.69,1.319,2.786,4.531,1.321,2.766,4.52,308.854
127272,AG-1,CALIBRATION,18.05,21.655,16.675,20.228,52.823,63.744,50.142,61.061,96.523,101.871,95.488,101.184,3.606,10.921,5.347,3.553,10.919,5.696,168.331,175.164,166.978,174.226,168.387,175.376,167.039,174.413,3.777,12.633,8.229,3.778,12.8,8.595,80.755
127313,AG-1,CALIBRATION,131.891,129.183,132.895,130.183,289.961,281.682,290.97,283.544,416.26,408.388,416.222,410.469,-2.708,-8.28,-7.872,-2.712,-7.426,-5.753,54.514,62.328,54.13,60.562,54.842,62.727,54.555,60.935,4.323,12.343,8.786,4.304,11.524,6.877,449.489
127314,AG-1,CALIBRATION,45.859,42.785,47.062,44.019,77.404,65.841,80.587,68.901,63.504,57.069,65.867,59.424,-3.074,-11.563,-6.434,-3.043,-11.685,-6.443,131.752,132.163,133.074,133.794,167.418,171.581,169.792,173.917,3.598,11.696,9.565,3.594,11.834,10.008,98.763
127315,AG-1,CALIBRATION,34.539,38.567,33.197,37.213,83.472,94.203,81.627,92.496,143.744,151.598,143.328,151.266,4.028,10.731,7.854,4.016,10.87,7.937,323.313,330.868,322.934,330.573,332.85,341.736,332.273,341.216,4.443,11.009,8.185,4.456,11.138,8.269,181.032
132511,AG-1,CALIBRATION,45.029,43.539,45.063,43.597,99.332,100.565,99.767,101.077,151.207,144.8,155.836,149.671,-1.491,1.233,-6.408,-1.466,1.31,-6.165,238.377,231.805,243.032,236.699,248.764,242.234,253.526,247.238,1.652,1.259,6.637,1.631,1.335,6.416,90.051
132528,AG-1,CALIBRATION,41.109,36.645,42.129,37.632,99.499,89.126,100.648,90.386,66.626,63.063,66.225,62.768,-4.465,-10.373,-3.563,-4.497,-10.263,-3.457,19.203,22.569,19.797,22.803,24.573,27.746,26.012,27.641,5.711,11.391,5.983,5.696,11.313,6.079,85.528
132634,AG-1,CALIBRATION,27.383,27.528,26.572,26.577,53.507,46.098,54.676,46.502,101.496,83.442,105.516,85.226,0.145,-7.409,-18.054,0.005,-8.174,-20.29,124.846,117.637,126.731,119.891,156.945,154.233,158.632,157.818,4.669,10.675,18.363,4.683,10.868,20.368,135.1
127281,AG-2,CALIBRATION,28.432,25.469,29.091,26.04,NOT_AVAILABLE,NOT_AVAILABLE,NOT_AVAILABLE,NOT_AVAILABLE,NOT_AVAILABLE,NOT_AVAILABLE,NOT_AVAILABLE,NOT_AVAILABLE,-2.963,NOT_AVAILABLE,NOT_AVAILABLE,-3.051,NOT_AVAILABLE,NOT_AVAILABLE,NOT_AVAILABLE,NOT_AVAILABLE,NOT_AVAILABLE,NOT_AVAILABLE,267.569,266.832,268.4,267.852,6.796,NOT_AVAILABLE,NOT_AVAILABLE,6.757,NOT_AVAILABLE,NOT_AVAILABLE,352.788
71155,KE-1,CALIBRATION,76.952,74.23,75.276,72.503,169.072,179.449,164.446,175.403,325.969,335.192,324.011,334.908,-2.722,10.377,9.223,-2.773,10.957,10.897,349.635,357.029,348.61,357.662,374.344,382.227,373.916,383.283,3.003,11.09,9.81,3.065,11.643,11.321,127.48
81801,KE-1,CALIBRATION,46.234,49.903,44.936,48.521,80.256,89.97,77.676,87.791,89.781,100.746,87.345,98.973,3.668,9.714,10.964,3.585,10.115,11.628,66.534,67.251,66.53,67.622,69.825,71.696,69.698,71.721,6.685,11.509,12.982,6.695,11.738,13.368,78.333
81805,KE-1,CALIBRATION,22.646,21.952,23.689,22.697,30.398,27.596,31.216,27.869,28.201,20.494,29.74,21.592,-0.694,-2.801,-7.707,-0.992,-3.347,-8.148,75.353,66.081,77.05,67.985,88.04,77.104,90.903,80.076,5.509,9.866,11.37,5.496,9.693,11.04,47.347
81807,KE-1,CALIBRATION,8.196,5.354,9.775,6.174,15.75,6.398,18.783,7.086,32.042,17.333,36.818,15.735,-2.843,-9.351,-14.709,-3.601,-11.697,-21.083,22.685,35.496,24.208,30.905,32.803,37.925,35.798,32.996,6.769,13.388,35.984,6.633,14.805,35.709,21.291
81811,KE-1,CALIBRATION,40.522,44.357,39.776,43.541,46.395,49.24,45.78,47.478,18.783,22.779,19.746,19.176,3.835,2.845,3.996,3.765,1.698,-0.569,26.077,38.858,22.116,34.328,60.684,73.271,55.448,68.322,4.179,9.421,14.896,4.182,9.457,15.366,41.423
81813,KE-1,CALIBRATION,2.66,2.639,3.547,3.38,11.886,11.787,12.294,11.226,26.913,28.966,26.537,27.685,-0.021,-0.099,2.053,-0.167,-1.068,1.148,79.473,87.923,77.782,86.159,90.149,99.595,88.571,98.126,1.615,5.654,10.738,1.606,5.746,10.902,99.084
81814,KE-1,CALIBRATION,19.585,20.643,20.119,21.185,41.577,41.838,40.744,40.851,NOT_AVAILABLE,NOT_AVAILABLE,26.087,NOT_AVAILABLE,1.058,0.261,NOT_AVAILABLE,1.066,0.107,NOT_AVAILABLE,NOT_AVAILABLE,NOT_AVAILABLE,211.339,NOT_AVAILABLE,215.731,205.977,215.524,208.298,1.714,2.731,NOT_AVAILABLE,1.7,2.71,NOT_AVAILABLE,204.736
81816,KE-1,CALIBRATION,25.44,23.073,26.869,24.26,47.664,37.007,49.588,39.494,63.535,44.652,65.492,49.097,-2.367,-10.657,-18.883,-2.609,-10.095,-16.395,79.647,58.566,81.775,63.823,79.782,59.099,81.895,64.12,7.699,19.878,28.757,7.62,18.48,25.599,16.535
48965,KE-2,CALIBRATION,9.577,9.865,9.525,9.755,7.082,5.273,7.964,5.878,10.262,12.056,10.364,10.852,0.288,-1.809,1.793,0.23,-2.085,0.488,45.219,52.209,43.289,50.181,47.219,54.257,45.241,52.227,1.088,3.157,7.227,1.083,3.096,7.175,49.759
81802,KE-2,CALIBRATION,14.04,13.945,14.798,14.093,33.725,34.31,34.064,35.583,50.99,49.226,50.895,51.02,-0.094,0.585,-1.765,-0.705,1.519,0.126,67.628,76.63,67.307,74.827,68.565,80.157,67.931,77.673,7.696,11.066,9.894,7.714,11.03,9.317,108.571
90141,KE-2,CALIBRATION,4.427,12.078,2.602,10.412,15.402,29.476,12.804,26.345,14.977,39.643,12.155,31.375,7.651,14.074,24.666,7.809,13.541,19.22,82.95,70.983,80.611,73.484,87.533,72.271,84.648,76.355,7.895,16.902,36.285,7.958,15.06,26.986,70.905
90142,KE-2,CALIBRATION,20.568,18.575,21.361,19.257,37.503,31.996,39.373,33.495,51.677,40.552,54.748,42.919,-1.994,-5.507,-11.125,-2.104,-5.878,-11.829,20.751,5.685,24.236,10.91,22.883,10.346,25.955,14.704,2.986,8.54,15.066,2.983,8.2,13.601,37.048
90145,KE-2,CALIBRATION,11.536,17.041,10.162,15.693,8.884,14.916,7.945,13.904,21.727,16.414,23.44,18.194,5.506,6.032,-5.313,5.532,5.959,-5.246,115.598,120.676,115.315,120.18,128.603,134.66,127.514,133.536,5.82,6.104,5.717,5.878,6.131,5.655,131.458
48985,KE-H1,HOLDOUT,10.273,7.63,11.265,8.629,11.849,8.517,12.874,9.476,22.839,19.343,24.119,20.706,-2.644,-3.332,-3.496,-2.636,-3.398,-3.413,15.274,19.017,15.551,18.695,17.581,24.536,17.041,23.433,2.647,3.363,4.416,2.653,3.412,4.149,31.456
81806,KE-H1,HOLDOUT,2.992,5.975,2.846,5.049,4.796,7.566,5.116,5.837,7.037,5.529,8.567,4.05,2.983,2.77,-1.509,2.203,0.721,-4.517,44.501,51.833,41.697,49.399,44.533,51.982,41.717,49.515,4.879,7.045,7.549,4.883,7.127,7.873,48.477
90135,KE-H1,HOLDOUT,31.961,33.569,31.976,33.558,56.083,59.283,55.676,58.897,57.508,58.57,56.91,57.858,1.608,3.2,1.062,1.582,3.221,0.947,126.318,122.244,127.286,122.917,130.913,128.254,131.857,128.875,2.575,4.173,5.64,2.59,4.249,5.959,104.782
90149,KE-H1,HOLDOUT,15.025,12.722,15.906,13.519,26.378,21.517,28.409,22.769,30.524,26.355,33.526,26.893,-2.303,-4.861,-4.168,-2.387,-5.64,-6.633,35.413,38.362,36.612,35.922,35.457,39.71,36.801,37.101,2.804,9.908,20.051,2.814,9.991,20.773,62.188
90150,KE-H1,HOLDOUT,34.495,37.918,33.621,37.175,58.905,61.804,57.741,61.439,69.208,64.032,69.014,64.961,3.423,2.898,-5.176,3.554,3.698,-4.053,49.739,65.113,47.772,61.413,52.782,69.466,50.752,65.353,4.13,9.222,16.793,4.288,9.611,16.243,112.667
89898,KE-H3,HOLDOUT,6.807,1.764,7.574,2.579,26.06,17.904,27.157,19.07,52.084,34.389,55.735,38.353,-5.043,-8.155,-17.695,-4.995,-8.088,-17.382,104.573,112.497,103.568,110.801,110.415,120.412,108.715,117.842,5.321,8.324,18.311,5.311,8.212,17.825,140.071
90146,KE-H3,HOLDOUT,6.766,12.534,7.262,10.606,19.158,22.032,21.313,20.693,31.665,10.81,39.761,15.12,5.768,2.874,-20.855,3.344,-0.62,-24.642,54.39,71.561,50.659,66.238,54.753,72.025,50.894,66.605,10.078,16.079,25.807,10.183,17.01,27.675,81.357
92981,KE-H3,HOLDOUT,14.439,8.827,15.155,9.549,31.834,22.746,33.224,23.805,36.862,27.923,40.007,28.7,-5.612,-9.088,-8.939,-5.606,-9.42,-11.307,120.046,127.336,118.346,125.946,130.288,141.253,127.76,138.852,5.614,10.784,18.697,5.613,10.797,18.886,154.559
98996,KE-H3,HOLDOUT,19.701,29.53,18.278,27.95,46.89,62.962,44.751,60.694,83.052,97.454,80.329,94.99,9.829,16.072,14.402,9.672,15.943,14.662,31.315,46.77,29.513,44.186,31.683,50.507,29.958,47.251,10.264,16.168,17.485,10.25,16.128,17.494,79.433
98997,KE-H3,HOLDOUT,17.993,11.802,19.105,12.784,36.955,25.269,39.273,27.78,51.988,44.746,53.702,46.235,-6.191,-11.687,-7.242,-6.321,-11.492,-7.467,63.693,56.756,65.346,58.126,70.483,59.614,73.109,61.218,6.962,11.707,9.568,7.01,11.512,8.662,12.151
98998,KE-H3,HOLDOUT,8.506,2.164,10.112,3.764,9.4,12.355,10.751,8.808,14.309,18.179,14.673,16.171,-6.342,2.955,3.87,-6.348,-1.943,1.498,40.461,56.236,37.875,53.76,42.135,64.618,38.525,60.811,6.342,15.44,16.754,6.369,15.688,17.542,51.185
99006,KE-H3,HOLDOUT,5.228,3.181,5.542,2.27,11.096,20.494,10.427,19.91,24.151,29.904,25.234,30.432,-2.047,9.398,5.754,-3.272,9.483,5.197,18.674,12.575,20.473,14.327,19.74,22.578,21.563,20.055,7.297,10.676,10.306,7.264,10.738,10.369,26.356
