id,name,domain,priority,module,formula,inputs,outputs,guardrails,status
ALG-ANA-001,Alert effectiveness metrics,Analytics,P1,analytics/alert-effectiveness.js,opened/sent and acted/sent,notification events,open rate;action rate,Delivery/open/action states are not inferred,IMPLEMENTED_FOUNDATION
ALG-ANA-002,Engine cost attribution,Analytics,P1,analytics/cost-attribution.js,sum compute+storage+egress+request cost by engine,cost rows,engine cost map,Safety collection cannot be disabled solely by cost,IMPLEMENTED_FOUNDATION
ALG-CLD-001,Satellite product/tile source score,Cloud,P1,cloud/satellite-product-broker.js,regional preference + freshness + resolution + angle + time + channel + parallax + reliability + cost,satellite products/tile/time,primary/secondary/calibration,"Eligibility gates for rights, health, day/night and missing tiles",IMPLEMENTED_FOUNDATION
ALG-CLD-002,Cloud-top retrieval,Cloud,P1,cloud/cloud-state.js,argmin_z |T_profile(z)-BT_IR| + correction/uncertainty,IR brightness temp;NWP profile,top height + uncertainty,Parallax and limb flags,IMPLEMENTED_FOUNDATION
ALG-CLD-003,Cloud-base retrieval,Cloud,P1,cloud/cloud-state.js,"first persistent RH/cloud-fraction layer, blended with LCL or ceilometer",RH/cloud profile;LCL;ceilometer,base height + state,Estimated unless directly observed,IMPLEMENTED_FOUNDATION
ALG-CLD-004,Multilayer detection,Cloud,P1,cloud/cloud-state.js,persistent cloud-fraction intervals above threshold,vertical cloud profile,layers/multilayer flag,Thin/ambiguous layers retain flags,IMPLEMENTED_FOUNDATION
ALG-CLD-005,Cloud density profile,Cloud,P1,cloud/cloud-state.js,weighted cloud fraction + RH + optical depth + mask + condensate - uncertainty,layer variables,density 0..1,"Store state, not rendered voxel texture",IMPLEMENTED_FOUNDATION
ALG-CLD-006,Observation/model/ensemble horizon blend,Cloud,P1,cloud/cloud-forecast.js,alpha(h)*obs + beta(h)*deterministic + gamma(h)*ensemble,cloud states;horizon,0-10d state,7d+ becomes probabilistic and soft,IMPLEMENTED_FOUNDATION
ALG-CLD-007,Cloud uncertainty visual mapping,Cloud,P1,cloud/cloud-render-policy.js,opacity/detail decrease and blur increases with uncertainty/horizon,confidence;uncertainty;horizon,render policy,Long range must not look current,IMPLEMENTED_FOUNDATION
ALG-CLD-008,Procedural cloud detail budget,Cloud,P2,cloud/procedural-detail.js,detail = confidence*(1-uncertainty)*device*thermal*horizon scale,cloud state quality;device;thermal;horizon,deterministic visual-only detail plan,May not change meteorological coverage or meaning,IMPLEMENTED_FOUNDATION
ALG-CORE-001,Canonical signal fingerprint,Core,P0,core/canonical-signal.js,fingerprint = FNV1a64(stable canonical signal without signalId),canonical signal,stable fingerprint,No secret/raw payload inclusion,IMPLEMENTED_FOUNDATION
ALG-CORE-002,Cross-domain confidence,Core,P1,core/confidence.js,weighted quality components with mandatory-source caps,freshness;coverage;agreement;historical accuracy;mapping;stability,confidence + band + reason codes,Missing mandatory source caps result,IMPLEMENTED_FOUNDATION
ALG-CORE-003,Truth budget,Core,P0,core/truth-budget.js,"max fidelity = min(evidence, resolution, confidence, rights, device, thermal)",evidence;resolution;confidence;rights;device,allowed visual fidelity,No fine tower without actual grid,IMPLEMENTED_FOUNDATION
ALG-CORE-004,Trust ledger status,Core,P1,core/trust-ledger.js,support/counter evidence count and confidence produce SUPPORTED/CONTESTED/UNSUPPORTED,support evidence;counter evidence,trust ledger,"Every evidence item keeps source, time and provenance",IMPLEMENTED_FOUNDATION
ALG-CORE-005,Device-network-battery adaptive quality,Core,P0,core/device-network-governor.js,"quality = min(device memory, network/save-data, battery, thermal, accessibility budget)",device/network/battery/thermal/accessibility,FULL/BALANCED/LITE/STATIC policy,Reduce fidelity before fabricating or overfetching,IMPLEMENTED_FOUNDATION
ALG-CORE-006,Planet execution plan compiler,Core,P0,core/planet-intelligence-orchestrator.js,scene + manifest + truth budget + device profile -> one primary execution plan,scene;layer manifest;truth budget;device profile,engine/fetch/degrade/disposal plan,One dynamic data hero;Dispose previous primary,IMPLEMENTED_FOUNDATION
ALG-DAT-001,Bilinear grid resampling,Data Plane,P1,data/reprojection-resampling.js,bilinear interpolation in normalized grid coordinates,source grid;target size,resampled grid,Dataset requiring conservative mass preservation must use a dataset-specific conservative method,IMPLEMENTED_FOUNDATION
ALG-DAT-002,Canonical time-slice selection,Data Plane,P1,data/time-slice.js,nearest valid frame within max staleness window,records;target time;max age,canonical frame or null,Evidence modes cannot mix implicitly,IMPLEMENTED_FOUNDATION
ALG-DAT-003,Bounded scalar quantization,Data Plane,P1,data/tile-compiler.js,map finite min..max to Qbits with reserved no-data code,scalar values;bit depth,quantized values;min/max metadata,No-data remains explicit,IMPLEMENTED_FOUNDATION
ALG-DAT-004,Revision fingerprint and classification,Data Plane,P1,data/revision-engine.js,stable object fingerprint; same-time change => provider revision,previous;next,revision state;fingerprints,Provider revision is not a new observation time,IMPLEMENTED_FOUNDATION
ALG-DAT-005,Adaptive frame prefetch,Data Plane,P1,data/adaptive-prefetch.js,bounded forward/back window from playback/network/memory state,frame index;network;memory,prefetch frame ids,No unbounded background download,IMPLEMENTED_FOUNDATION
ALG-DAT-006,Ambiguity-aware spatial identity resolution,Data,P1,data/spatial-identity-resolution.js,external exact ID first; else normalized name/address + geodesic proximity score,provider place;Earthus candidates,MATCHED/AMBIGUOUS/UNMATCHED,Ambiguous entity never auto-merges,IMPLEMENTED_FOUNDATION
ALG-DAT-007,Ground-truth learning example builder,Data,P1,data/learning-data-factory.js,forecast + actual + feature snapshot + regime + rights -> privacy-minimized learning row,forecast;ground truth;features;rights,training example or reject reason,Ground truth and AI-use rights required;User identifiers removed,IMPLEMENTED_FOUNDATION
ALG-GEO-001,Antimeridian-safe bounds,Geo,P0,geo/geospatial-reference.js,unwrap longitudes and choose minimum span,GeoJSON geometry,bounds/centroid/date-line flag,Polygon and MultiPolygon only for containment,IMPLEMENTED_FOUNDATION
ALG-GEO-002,Country camera fit,Geo,P0,geo/country-focus.js,camera height proportional to geodesic diameter and viewport aspect,country geometry;viewport,camera + dimming + clipping,No global high-resolution download,IMPLEMENTED_FOUNDATION
ALG-GEO-003,Terrain source score,Geo,P0,geo/terrain-source-broker.js,resolution + freshness + continuity + datum + cost + regional priority,terrain sources;region/zoom,primary/fallback source,Rights/coverage/health are eligibility gates,IMPLEMENTED_FOUNDATION
ALG-GEO-004,Screen-space terrain LOD,Geo,P0,geo/terrain-lod.js,SSE = geometricError*viewportHeight/(2*distance*tan(FOV/2)),tile error;camera distance;viewport,selected LOD,Tile budget cap,IMPLEMENTED_FOUNDATION
ALG-GEO-005,Terrain/data morph,Geo,P1,geo/terrain-data-morph.js,"displayZ = lerp(terrainZ, terrainZ + normalizedData*reliefScale, mix)",terrain elevation;normalized data,display elevation,Raw values unchanged and capped,IMPLEMENTED_FOUNDATION
ALG-GEO-006,Trench Level-2 camera plan,Geo,P2,geo/trench-camera.js,overview/close camera heights scale with verified trench depth and viewport; camera remains non-submerged,target lon/lat/depth;viewport;reduced motion,camera waypoints;depth/source labels,No full underwater navigation;No invented seafloor/subduction geometry,IMPLEMENTED_FOUNDATION
ALG-HAZ-001,Official warning precedence merge,Hazard,P0,hazards/warning-engine.js,"official first, then severity, then latest issue time",warnings,primary warning;active list,Earthus cannot downgrade active official warning,IMPLEMENTED_FOUNDATION
ALG-HAZ-002,Hypocenter depth visual mapping,Hazard,P1,hazards/earthquake-depth.js,display radius=Earth radius-depth*bounded exaggeration,depth;magnitude,3D depth placement,Not P/S wave propagation,IMPLEMENTED_FOUNDATION
ALG-HAZ-003,Seismic context clustering,Hazard,P1,hazards/earthquake-depth.js,spatiotemporal radius grouping,earthquakes,context clusters,Not aftershock prediction,IMPLEMENTED_FOUNDATION
ALG-HAZ-004,Lightning centroid tracking,Hazard,P1,hazards/lightning-track.js,spatial cluster then nearest-centroid matching,lightning points,cell clusters;motion evidence,Motion is estimated,IMPLEMENTED_FOUNDATION
ALG-HAZ-005,Wildfire hotspot clustering,Hazard,P1,hazards/wildfire-smoke.js,spatiotemporal hotspot radius grouping,thermal hotspots,hotspot clusters,Cluster is not burn perimeter,IMPLEMENTED_FOUNDATION
ALG-HAZ-006,Cyclone agency resolver,Hazard,P1,hazards/cyclone-resolver.js,region-specific official agency priority; preserve alternates,agency tracks;region,primary;alternates,Never average official agency tracks,IMPLEMENTED_FOUNDATION
ALG-HAZ-007,Cross-agency hazard event fusion,Hazard,P1,hazards/event-fusion.js,group by type + time window + spatial proximity,agency events,canonical event groups,Agency geometry/values not averaged;Conflicts remain inspectable,IMPLEMENTED_FOUNDATION
ALG-HF-001,Density,Human Flow,P1,human-flow/algorithms.js,raw_density = population/effective_area,population estimate;validated area,density,Unknown area -> UNKNOWN,IMPLEMENTED_FOUNDATION
ALG-HF-002,Calibrated crowd index,Human Flow,P1,human-flow/algorithms.js,weighted percentile + relative ratio + robust z + official level,density history;official level,0-100 index,Official level has UI/safety precedence,IMPLEMENTED_FOUNDATION
ALG-HF-003,Persistent trend,Human Flow,P1,human-flow/algorithms.js,EWMA + Theil-Sen slope + persistence filter,time series,trend/slope/acceleration,Single spike cannot create trend,IMPLEMENTED_FOUNDATION
ALG-HF-004,Evidence-limited scalar flow,Human Flow,P1,human-flow/algorithms.js,"in=max(0,delta)/dt; out=max(0,-delta)/dt",population series,in/out rate,No direction without OD/graph evidence,IMPLEMENTED_FOUNDATION
ALG-HF-005,Explainable crowd forecast v0,Human Flow,P1,human-flow/algorithms.js,baseline + trend + event + weather + mobility + provider factor,feature snapshot,forecast + contributions,Provider and Earthus forecasts remain distinct,IMPLEMENTED_FOUNDATION
ALG-HF-006,Robust anomaly,Human Flow,P1,human-flow/algorithms.js,abs(current-seasonalMedian)/(1.4826*MAD) with persistence,current/history/events,anomaly state,Anomaly is not automatically a disaster,IMPLEMENTED_FOUNDATION
ALG-HF-007,Validated capacity pressure,Human Flow,P1,human-flow/algorithms.js,occupancy/validated_capacity,occupancy;validated capacity,pressure,Never infer legal capacity from area,IMPLEMENTED_FOUNDATION
ALG-HF-008,Risk hard gate,Human Flow,P1,human-flow/algorithms.js,"max(official,weather,crowd,capacity,bottleneck)+reliability penalty",risk signals,SAFE/CAUTION/WARNING/CRITICAL/UNKNOWN,Official emergency overrides score,IMPLEMENTED_FOUNDATION
ALG-HF-009,Shortest path with status/capacity penalties,Human Flow,P1,human-flow/spatial-graph.js,Dijkstra over verified typed edges,spatial graph,path/cost,Closed or inaccessible edges excluded,IMPLEMENTED_FOUNDATION
ALG-HF-010,Forecast verification metrics,Human Flow,P1,human-flow/forecast-lifecycle.js,error=actual-predicted; MAE/RMSE/bias by filters,forecast;actual,metrics,Every forecast keeps issued/target/model version,IMPLEMENTED_FOUNDATION
ALG-HF-011,Champion/challenger,ModelOps,P1,human-flow/forecast-lifecycle.js,relative MAE improvement + calibration improvement,champion/challenger metrics,promotion decision,No promotion on accuracy alone,IMPLEMENTED_FOUNDATION
ALG-HF-012,Spatiotemporal snapshot selection,Human Flow,P1,human-flow/spatiotemporal-fusion.js,select nearest valid signal per variable inside variable-specific staleness window,canonical signals;snapshot time;freshness rules,aligned snapshot;rejections;missing required variables,Different timestamps are never merged as equally current,IMPLEMENTED_FOUNDATION
ALG-HF-013,Spatial cell provider mapping,Human Flow,P1,human-flow/spatial-cell-registry.js,provider/service/externalId -> Earthus cell mapping with explicit mapping quality/version,Earthus cell;external mapping,stable cell registry;provider mapping,Provider external ID is not Earthus master ID,IMPLEMENTED_FOUNDATION
ALG-HF-014,Digital twin capacity provenance gate,Human Flow,P2,human-flow/digital-twin.js,capacity value accepted only with capacity provenance,twin entity,validated twin entity,Never infer legal/safe capacity from area alone,IMPLEMENTED_FOUNDATION
ALG-HF-015,Scenario isolation,Human Flow,P2,human-flow/scenario.js,scenario = deep-cloned baseline + explicit deltas; LIVE snapshot is immutable,baseline;occupancy delta;closed edges;capacity overrides,SIMULATION result,Scenario never mutates LIVE state,IMPLEMENTED_FOUNDATION
ALG-HYD-001,SCS runoff foundation,Hydrology,P2,hydrology/runoff-routing.js,Q=(P-Ia)^2/(P+(1-lambda)S),precipitation;curve number,runoff mm,Requires basin calibration; scenario only,IMPLEMENTED_FOUNDATION
ALG-HYD-002,Linear reservoir routing foundation,Hydrology,P2,hydrology/runoff-routing.js,outflow=storage/K; storage+=inflow-outflow,inflow;storage;K,outflow/storage,Replace/validate per basin,IMPLEMENTED_FOUNDATION
ALG-HYD-003,River visual semantic LOD,Hydrology,P1,hydrology/river-visual-network.js,minimum stream order rises as camera zooms out; line width follows verified stream order,hydrography segments;zoom;basin,DATA NETWORK segments,No flow direction unless verified,IMPLEMENTED_FOUNDATION
ALG-INT-001,Cross-domain Pearson association,Intelligence,P1,intelligence/correlation.js,Pearson r with minimum valid pair count,aligned series,r;n,Correlation is not causation,IMPLEMENTED_FOUNDATION
ALG-INT-002,Analog feature distance,Intelligence,P1,intelligence/analog-retrieval.js,weighted normalized Euclidean distance,target features;historical cases,ranked analogs,Expose feature basis and distance,IMPLEMENTED_FOUNDATION
ALG-INT-003,Regime classifier foundation,Intelligence,P1,intelligence/regime-detector.js,coefficient of variation + normalized end-to-end slope,time series,stable/rising/falling/volatile,Domain thresholds remain configurable,IMPLEMENTED_FOUNDATION
ALG-INT-004,Route exposure integration,Intelligence,P1,intelligence/route-exposure.js,length-weighted hazard intensity with official gates,route segments;signals,route exposure,Official closure/warning overrides score,IMPLEMENTED_FOUNDATION
ALG-INT-005,Decision contribution ranking,Intelligence,P1,intelligence/decision-explanation.js,rank absolute contribution; hard gate first,decision;contributions;gates,primary reason;ranked factors,No unexplained recommendation,IMPLEMENTED_FOUNDATION
ALG-OCN-001,Ocean vector magnitude/direction,Ocean,P1,ocean/ocean-state.js,"speed=sqrt(u^2+v^2); direction=atan2(u,v)",u;v,speed;direction,No U/V means no flow direction,IMPLEMENTED_FOUNDATION
ALG-OCN-002,Wave visual exaggeration,Ocean,P1,ocean/wave-engine.js,"display=min(cap,Hs*visualExaggeration)",significant wave height,display height;exaggeration,"Clearly labeled as visualization, not fluid simulation",IMPLEMENTED_FOUNDATION
ALG-OCN-003,Deep-water swell ETA foundation,Ocean,P1,ocean/swell-arrival.js,group velocity=g*T/(4*pi); eta=distance/cg,distance;period,group velocity;arrival time,Nearshore refraction/shoaling not included,IMPLEMENTED_FOUNDATION
ALG-OCN-004,Sea-level residual,Ocean,P1,ocean/tide-sea-level.js,residual=observed-astronomical prediction,observed level;predicted tide,residual,Observed/predicted/residual kept separate,IMPLEMENTED_FOUNDATION
ALG-OCN-005,SST front gradient,Ocean,P1,ocean/sst-features.js,central-difference gradient magnitude threshold,SST grid,front candidates,"Derived feature, not official ocean-front label",IMPLEMENTED_FOUNDATION
ALG-OCN-006,Coastal exposure score,Ocean,P1,ocean/coastal-exposure.js,bounded weighted wave+swell+tide residual+wind; official warning hard gate,marine conditions;warning,risk state;score,Official warning overrides score,IMPLEMENTED_FOUNDATION
ALG-OPS-001,Provider health state,Operations,P0,ops/provider-health.js,auth/schema/quota gates then freshness and failure thresholds,last success/SLA/failures,health state,Do not equate job success with source freshness,IMPLEMENTED_FOUNDATION
ALG-OPS-002,Exponential backoff,Operations,P1,ops/provider-health.js,"min(max, base*2^attempt)*(1+jitter)",attempt/rates,delay,No retry for auth/parameter errors at adapter layer,IMPLEMENTED_FOUNDATION
ALG-OPS-003,Cost-to-value schedule,Operations,P1,ops/cost-observability.js,value/cost efficiency with hard safety override,cost/users/value/budget,RUN/DOWNSAMPLE/DEFER,Safety-critical jobs cannot be deferred for cost,IMPLEMENTED_FOUNDATION
ALG-OPS-004,Observation gap lens,Operations,P1,ops/observation-gap.js,observed coverage + station density + freshness + resolution + model coverage,coverage metrics,knowledge/model-dependence state,Data absence is not risk absence,IMPLEMENTED_FOUNDATION
ALG-OPS-005,Fail-soft scene selection,Operations,P1,core/fail-soft-scene.js,"select truthful fallback from data state, vector/grid availability, device and thermal constraints",requested engine;data state;capabilities;thermal state,fallback scene plan,"Never invent direction, grid or safety state",IMPLEMENTED_FOUNDATION
ALG-OPS-006,Job DAG topological execution,Ops,P1,ops/job-dag.js,Kahn topological order over explicit dependencies,job graph,execution order;runnable jobs,Unknown dependency/cycle fails closed,IMPLEMENTED_FOUNDATION
ALG-OPS-007,Dead-letter recovery classification,Ops,P1,ops/dead-letter-recovery.js,retry only retryable error + idempotency + attempts < max; else quarantine,dead-letter messages,RETRY/QUARANTINE plan,No replay without idempotency key,IMPLEMENTED_FOUNDATION
ALG-OPS-008,Freshness SLO state,Ops,P1,ops/freshness-slo.js,age <= live => LIVE; <= stale => STALE; else UNAVAILABLE,reference time;SLO,freshness state;age,Collector success does not imply LIVE data,IMPLEMENTED_FOUNDATION
ALG-OPS-009,Safe rollback planner,Ops,P1,ops/rollback-engine.js,rollback allowed only with verified rollback artifact and reversible data boundary,current/previous version;migration state,rollback steps;blockers,No automatic production rollback,IMPLEMENTED_FOUNDATION
ALG-OPS-010,Performance acceptance compiler,Ops,P1,ops/performance-lab.js,min FPS + p95 frame + memory growth + thermal maxima against budgets,runtime samples;budgets,PASS/FAIL;metrics,Pure unit tests do not substitute real-device samples,IMPLEMENTED_FOUNDATION
ALG-OPS-011,New-engine reuse enforcement,Ops,P0,ops/engine-reuse-enforcer.js,catalog capability-token similarity + mandatory repository/catalog/gap evidence,new-engine proposal;catalog;gap evidence,BLOCK_NEW_ENGINE or reviewable NEW,Convenience is not a reason to duplicate engines,IMPLEMENTED_FOUNDATION
ALG-PAY-001,Entitlement resolution,Paid,P0,paid/entitlement.js,tier rank + country + rights + quota + safety exception,user/tier/feature,ALLOW/PREVIEW/DENY,Official safety always free,IMPLEMENTED_FOUNDATION
ALG-PAY-002,Country readiness,Paid,P1,paid/country-unlock.js,weighted data/license/visual/performance/QA/terrain/localization,country gates,score/blockers,Funding alone cannot open a country,IMPLEMENTED_FOUNDATION
ALG-PAY-003,Offline trip pack selection,Paid,VNEXT,paid/offline-trip-pack.js,priority-first bounded packing with official safety override,trip range;assets;entitlement;byte budget,offline pack plan,Official safety assets are never excluded by premium status,IMPLEMENTED_FOUNDATION
ALG-PAY-004,Personal context minimization,Paid,P1,paid/personal-context.js,allowlist context fields only after explicit consent,user context;consent,minimal context;dropped fields,Precise movement/user secrets are not accepted by default,IMPLEMENTED_FOUNDATION
ALG-PAY-005,Comparison semantic normalization,Paid,P1,paid/comparison.js,comparison requires same variable/unit; large resolution mismatch is disclosed,comparison items,comparable result or block reason,No misleading cross-variable/unit comparison,IMPLEMENTED_FOUNDATION
ALG-PAY-006,Scenario entitlement gate,Paid,P2,paid/scenario.js,Control/Business + quota + no LIVE mutation,plan;quota;scenario request,allow/deny,Official safety remains outside paywall,IMPLEMENTED_FOUNDATION
ALG-PAY-007,Subscription state transition,Paid,P1,paid/subscription-state.js,explicit finite-state transition table,current state;billing event,next state or invalid transition,No implicit entitlement from UI state,IMPLEMENTED_FOUNDATION
ALG-PAY-008,Premium analysis cache key,Paid,P1,paid/premium-cache.js,feature+country+versioned user scope/context fingerprint,feature;country;context;engine versions,cache key,Entitlement is still checked outside cache,IMPLEMENTED_FOUNDATION
ALG-QA-001,Required launch-gate compilation,Quality,P0,qa/launch-gate.js,required FAIL => FAIL; else required UNKNOWN => UNKNOWN; else PASS,gate states,release state,UNKNOWN required evidence blocks completion,IMPLEMENTED_FOUNDATION
ALG-QA-002,Completion evidence gate,Quality,P0,qa/completion-evidence.js,DONE only if engine/algorithm IDs + actual data + runtime + browser/device + tests + visual + performance + dispose + regression + no-duplicate evidence pass,completion evidence,DONE_EVIDENCE_ACCEPTED/NOT_DONE,File/class/interface existence alone is never completion,IMPLEMENTED_FOUNDATION
ALG-SEC-001,Secret query redaction,Security,P0,security/redaction.js,replace known secret query keys/values with [REDACTED],URL/text;secret aliases,redacted representation,Never log original secret,IMPLEMENTED_FOUNDATION
ALG-SEC-002,Token-bucket abuse control,Security,P1,security/abuse-guard.js,capacity + time-based refill - request cost,requests;time,allow/deny;retry-after,Protect cost surface without changing safety truth,IMPLEMENTED_FOUNDATION
ALG-SPC-001,Launch lifecycle state machine,Space,P2,space/launch-event.js,validated state transitions with telemetry evidence gate,launch state;evidence,next state,No ascent/success/failure progress without evidence,IMPLEMENTED_FOUNDATION
ALG-STO-001,Archive deletion proof,Storage,P1,storage/archive-verification.js,all checksum/count/size/snapshot/grace/shadow checks must pass,S3/NAS evidence,DELETE_ELIGIBLE/BLOCKED,No date-only deletion,IMPLEMENTED_FOUNDATION
ALG-STO-002,Cloud delta keyframe plan,Storage,P1,storage/delta-pack.js,keyframes + delta frames; estimate saving and random access penalty,frame count/size/ratio,pack plan,Use only after reconstruction validation,IMPLEMENTED_FOUNDATION
ALG-STO-003,Replay rehydration compatibility,Storage,P2,storage/replay-rehydration.js,select overlapping archive chunks only after processor/schema compatibility checks,archive manifest;region/time request;supported versions,rehydration plan,Never serve directly from NAS,IMPLEMENTED_FOUNDATION
ALG-STO-004,Archive package manifest plan,Storage,P1,storage/archive-packager.js,archive id from dataset/region/time/schema/processor/record contract,archive metadata,archive manifest plan,Rendered voxels are not the canonical long-term source,IMPLEMENTED_FOUNDATION
ALG-STO-005,NAS outbound pull state machine,Storage,P1,storage/nas-archive-agent.js,COPY_PENDING -> COPYING -> VERIFYING -> NAS_VERIFIED; failure returns retry state,archive job;events,archive transfer state,LIVE service never directly reads NAS,IMPLEMENTED_FOUNDATION
ALG-STO-006,Archive catalog time lookup,Storage,P1,storage/archive-catalog.js,filter archive metadata by dataset/region and inclusive time range,catalog;query,matching archives,Catalog online even when NAS offline,IMPLEMENTED_FOUNDATION
ALG-VIS-001,Bounded logarithmic tower mapping,Visual,P0,visual/tower.js,height = hMin + boundedLog(value/p95)*(hMax-hMin),value;distribution,height/opacity,Original value remains visible,IMPLEMENTED_FOUNDATION
ALG-VIS-002,Mass-preserving estimated distribution,Visual,P1,visual/tower.js,"cell_i = total*w_i/sum(w), integer remainder by largest fraction",aggregate total;approved weights,estimated cells,Sum must exactly equal provider total; estimated badge,IMPLEMENTED_FOUNDATION
ALG-VIS-003,Bilinear vector sampling,Visual,P1,visual/flow.js,bilinear interpolate U/V over four grid cells,vector grid;normalized coordinate,U/V vector,Missing vector returns null,IMPLEMENTED_FOUNDATION
ALG-VIS-004,Adaptive volume render policy,Visual,P1,visual/volume.js,"mode/resolution/ray steps from device, thermal, confidence, uncertainty, horizon",device;thermal;confidence;uncertainty,shell/volume policy,Mobile and ECO avoid heavy volume,IMPLEMENTED_FOUNDATION
ALG-VIS-010,Semantic label budget,Visual,P1,visual/label-budget.js,priority=safety>selected>primary>context>decorative,candidate labels;device cap,visible labels,Safety cannot be evicted by decorative labels,IMPLEMENTED_FOUNDATION
ALG-VIS-011,Semantic material grammar,Visual,P1,visual/material-grammar.js,domain+evidence+selection+thermal => material tokens,scene state,material tokens,Risk/scenario semantics reserved,IMPLEMENTED_FOUNDATION
ALG-WX-001,Skill-weighted model ensemble,Weather,P1,weather/ensemble.js,weighted mean; spread from weighted variance,model members;skill/freshness weights,consensus/spread/agreement,No public probability before calibration,IMPLEMENTED_FOUNDATION
ALG-WX-002,Local bias correction,Weather,P1,weather/ensemble.js,"corrected = raw - bias(location,variable,lead,regime)",forecast;bias,corrected forecast,Promote after shadow backtest,IMPLEMENTED_FOUNDATION
ALG-WX-003,Semi-Lagrangian nowcast,Weather,P1,weather/nowcast.js,"field(t+dt)=sample(field, x-u*dt, y-v*dt)+growth-decay",field;vector field,advected field,Lead-time validation required,IMPLEMENTED_FOUNDATION
ALG-WX-004,Evidence-backed claim gate,Weather,P1,weather/evidence-graph.js,claim allowed only when required evidence count/confidence and counter evidence rules pass,claim rules;evidence,allow/block + confidence,No invented numbers or unsupported causal claims,IMPLEMENTED_FOUNDATION
ALG-WX-005,Precipitation observed blend,Weather,P1,weather/precipitation.js,"quality-weighted radar+gauge+model, observed sources define state",radar/gauge/model rates,rate/intensity/state,Cloud and precipitation are separate,IMPLEMENTED_FOUNDATION
ALG-WX-006,Rain/snow phase foundation,Weather,P1,weather/precipitation.js,wet-bulb + warm/cold layer depth rules,temperature profile,phase/confidence,Explicit uncertainty,IMPLEMENTED_FOUNDATION
ALG-WX-007,Forecast gap / Early Signal,Weather,P1,weather/forecast-gap.js,"gap=consensus-official; require persistence, agreement, skill",official forecast;model consensus,NONE/WATCH/EARLY_SIGNAL,Official warning always wins,IMPLEMENTED_FOUNDATION
ALG-WX-008,Moisture source contribution,Weather,P1,weather/moisture-attribution.js,trajectory + flux convergence + TPW + ascent + SST support + radar growth - dry-air counter,multi-signal evidence,contribution score/state,SST alone cannot establish cause,IMPLEMENTED_FOUNDATION
ALG-WX-009,Weather detail section compiler,Weather,P1,weather/weather-detail-ia.js,fixed CURRENT -> BRIEF -> HOURLY -> 10DAY -> PRECIP/RADAR -> DETAILS -> AQI -> ALERTS -> DEEP order,available sections;plan,section/access manifest,"Information order inspired by usability, not copied UI",IMPLEMENTED_FOUNDATION
ALG-WX-010,Weather truth-class fusion,Weather,P1,weather/weather-spatiotemporal-fusion.js,spatiotemporal alignment + separate official/Earthus/model partitions,weather canonical signals,weather snapshot,Truth classes are not merged into one source type,IMPLEMENTED_FOUNDATION
ALG-WX-011,Weather event evidence detector,Weather,P1,weather/weather-event-detector.js,threshold/compound signatures produce candidate evidence only,precipitation;pressure tendency;CAPE;convergence,event evidence candidates,Never self-declare official warning,IMPLEMENTED_FOUNDATION
ALG-WX-012,Cyclone remnant interaction support score,Weather,P1,weather/cyclone-remnant-interaction.js,weighted proximity+moisture+front+jet+ascent+freshness support,remnant/moisture/front/jet/ascent,support band;causal-claim gate,Causal claim needs multi-signal support,IMPLEMENTED_FOUNDATION
ALG-WX-013,Weather action hard-gate ranking,Weather,P1,weather/weather-action-intelligence.js,official gates exclude windows before score/confidence ranking,official gates;candidate windows;activity,recommended window/alternatives,Convenience never overrides official safety,IMPLEMENTED_FOUNDATION
ALG-WX-014,Weather forecast verification metrics,Weather,P1,weather/weather-modelops.js,MAE/RMSE/bias over forecast-ground truth pairs,forecast/actual records,metrics;promotion gate,No promotion without calibration and rollback readiness,IMPLEMENTED_FOUNDATION
ALG-WX-015,Ensemble scenario medoid clustering,Weather,P1,weather/forecast-scenario-cluster.js,deterministic k-medoid-like clustering using RMS member-vector distance,ensemble member trajectories,representative scenarios;member proportions,"Scenario probability is member share, not official probability",IMPLEMENTED_FOUNDATION
ALG-WX-016,Official-vs-derived forecast reconciliation,Weather,P1,weather/forecast-reconciliation.js,derived consensus gap vs official; Early Signal only with divergence+persistence+calibration,official;ensemble;Earthus;persistence;calibration,ALIGNED/DIVERGENT;Early Signal,Official baseline is never overwritten,IMPLEMENTED_FOUNDATION
ALG-HF-016,"Watch notification decision with safety priority, confidence, cooldown and dedupe",Human Flow/Action,P1,human-flow/watch-notification-decision.js,permission/token -> official safety priority OR confidence gate -> semantic dedupe -> cooldown -> decision,watch;consent;device token;confidence;history;official safety,DECIDED/BLOCKED;dedupeKey;collapseKey;deepLink,No push without permission/token;Safety cannot bypass OS permission;No duplicate unchanged state,IMPLEMENTED_FOUNDATION
ALG-WX-017,Observation quality/provenance state and confidence cap,Weather/Data Quality,P1,weather/observation-quality-provenance.js,"state=f(freshness,coverage,schema,geolocation,rights,flags); derived confidence <= quality cap",observedAt;freshness SLA;coverage;schema;geolocation;rights;flags,LIVE/DEGRADED/STALE/UNAVAILABLE;qualityScore;confidenceCap;provenance,STALE never displays as LIVE;Rights fail closed;Derived confidence cannot exceed input quality,IMPLEMENTED_FOUNDATION
ALG-OPS-012,Source operation governance matrix for paid use,Operations/Governance,P1,ops/source-governance-paid-use.js,explicit rights per display/cache/history/derivative/paidAnalysis/export/apiResale/aiUse,source rights;operation,ALLOWED/BLOCKED;reason;attribution,No implied commercial right;Paid/export/API separate permissions;Blocked rights fail closed,IMPLEMENTED_FOUNDATION
ALG-PAY-009,Evidence-linked report/API delivery authorization,Paid/Business,P2,paid/report-api-engine.js,every section needs evidence; delivery requires quota + source-operation rights,sections;evidence index;source governance;quota,report payload;delivery authorization,No evidence-free section;Export/API blocked without rights;No restricted raw source leakage,IMPLEMENTED_FOUNDATION
ALG-VIS-012,Truth-preserving tower spatial mode and stable pool,Visual,P0,visual/tower-runtime-v2.js,actual cell only with provider geometry evidence; else aggregate cluster or approved estimated distribution,records;geometry evidence;device/thermal budget,stable tower frame;spatial mode;pool update,No fabricated precision;Estimated distribution must be labelled;Time updates reuse stable IDs,IMPLEMENTED_FOUNDATION
ALG-ACT-001,Public action source trust resolution,Earth Pulse/Public Action,P0,action/source-registry.js,source type -> explicit trust rank + official flag + allowed operations,source type;organization;rights/operations,trust rank;official;allowed operations;attribution,Unknown source is never official;Commercial/redisplay rights remain separate,IMPLEMENTED_FOUNDATION
ALG-ACT-002,Public action normalization and classification,Earth Pulse/Public Action,P0,action/normalization.js,rule-backed activity/topic classification over title+summary while preserving source fields,title;summary;source metadata,activity type;topics;canonical action record,No invented schedule;No invented location;Raw/source URL retained,IMPLEMENTED_FOUNDATION
ALG-ACT-003,Public action status resolution,Earth Pulse/Public Action,P0,action/status-resolver.js,cancelled > future start=SCHEDULED > within interval=ACTIVE > open-ended started=ONGOING > ended=COMPLETED > UNKNOWN,startsAt;endsAt;cancelled;now,action status,No ACTIVE without published time evidence unless explicit ongoing campaign,IMPLEMENTED_FOUNDATION
ALG-ACT-004,Public action location precision guard,Earth Pulse/Public Action,P0,action/location-precision.js,explicit public address/coordinates > city > region > country > map disabled,published location fields;coordinatesExplicitlyPublished,map precision;public locator,Never invent exact coordinates;Private/undisclosed locations are map-disabled,IMPLEMENTED_FOUNDATION
ALG-ACT-005,Public action truth classification,Earth Pulse/Public Action,P0,action/trust-verification.js,official source -> OFFICIAL_ACTION; news/community -> capped reported classes,source type;corroboration count,truth class;confidence cap;live-label eligibility,News report cannot become official action;LIVE requires official + ACTIVE,IMPLEMENTED_FOUNDATION
ALG-PUL-001,Earth Pulse priority with safety override,Earth Pulse,P0,pulse/earth-pulse-orchestrator.js,official safety hard priority; else weighted freshness+confidence+geographic relevance+public interest,event severity;freshness;confidence;relevance;interest;kind,priority score,Official warning/hazard cannot be displaced by tourism/news/NGO action,IMPLEMENTED_FOUNDATION
ALG-PUL-002,Pulse scene beacon budget and LOD,Earth Pulse,P0,pulse/pulse-scene-budget.js,"device/scope base budget × thermal factor, sorted by priority",device;scope;thermal;events,max beacon count;selected beacons,No global pin cloud;Mobile budget smaller;Lower-priority events remain accessible in panel,IMPLEMENTED_FOUNDATION
ALG-NEWS-001,News-to-EarthEvent evidence link,News/Earth Pulse,P0,news/news-event-linker.js,topic Jaccard + country/region/city match + time proximity; auto-link only above threshold,news title/summary/location/time;candidate EarthEvents,ranked links;auto-link decision;clusters,Low-confidence news remains unlinked;News text never becomes observation,IMPLEMENTED_FOUNDATION
ALG-TRV-001,Tourism discovery score with safety gates,Tourism Intelligence,P0,tourism/discovery.js,hard gate(closed/restriction/critical hazard) then weighted demand+novelty+relation+diversity+dwell+weather+accessibility,KTO demand/diversity/relations;visit signals;weather;accessibility;safety,EARTHUS_DISCOVERY score;components;exclusion reason,Not an official KTO recommendation;No hidden-gem claim from weak data;Safety gate precedes score,IMPLEMENTED_FOUNDATION
ALG-TRV-002,Travel context reason composition,Tourism Intelligence,P0,tourism/travel-context.js,select bounded evidence-backed reasons for WHY NOW + visit context,discovery components;weather;visit window;nearby;evidence IDs,reasons;context card;disclaimer,No positive claim from missing data;Maximum concise reason set;Evidence IDs required for production,IMPLEMENTED_FOUNDATION
ALG-ENV-001,Pollution evidence state fusion,Environment Intelligence,P0,environment/pollution-lens.js,normalize each signal into AIR/FIRE/OCEAN/LAND + OBSERVED/REPORTED/DETECTED/MODELLED,pollution signals;source IDs;timestamps;confidence,domain layers;evidence legend,Detected/modelled are never labelled measured;Domains remain separate,IMPLEMENTED_FOUNDATION
ALG-ENV-002,Pollution transport proof gate,Environment Intelligence,P0,environment/pollution-lens.js,transport visualization allowed only when transport requested + vector proof + supported evidence kind,transport field;vector proof;evidence kind,allow/block;transport label,No fake direction;Modelled path labelled MODELLED_TRANSPORT;No source attribution from trajectory alone,IMPLEMENTED_FOUNDATION
ALG-BCK-001,Legal ingestion-run transition state machine,Backend/Data Plane,P0,backend/ingestion-run-ledger.js,explicit transition graph PENDING→FETCHING→RAW_STORED→VALIDATING→NORMALIZED→PUBLISHING→PUBLISHED→SUCCEEDED with terminal failure/quarantine,run state;next state;timestamp,updated run + history,Invalid state jumps fail closed; code existence does not imply production success,IMPLEMENTED_FOUNDATION
ALG-BCK-002,Raw artifact SHA-256 receipt,Backend/Data Plane,P0,backend/raw-artifact-store.js,SHA-256(raw bytes) + deterministic provider/operation/date/run object key,raw bytes;provider;operation;run,immutable receipt + object key,Raw bytes stay object storage; PostgreSQL stores metadata only,IMPLEMENTED_FOUNDATION
ALG-BCK-003,Raw-to-normalized provenance link validation,Backend/Data Plane,P0,backend/raw-artifact-store.js,normalized.provenance.rawHash must equal raw receipt SHA-256,raw receipt;normalized envelope,allow/block + reason,No normalized state without exact raw evidence link,IMPLEMENTED_FOUNDATION
ALG-BCK-004,Schema drift severity classifier,Backend/Data Plane,P0,backend/schema-drift.js,required missing/type mismatch=BREAKING; unknown extra fields=ADDITIVE; optional mismatch=WARNING,explicit schema contract;payload,severity;problems;publishAllowed,Breaking drift quarantines; additive fields never auto-change contract,IMPLEMENTED_FOUNDATION
ALG-BCK-005,Monotonic provider watermark,Backend/Data Plane,P0,backend/watermark-revision.js,candidate time may advance/equal but never move persisted watermark backward,current watermark;candidate,new watermark + reason,Late/older responses cannot roll state backward,IMPLEMENTED_FOUNDATION
ALG-BCK-006,Revision supersession resolver,Backend/Data Plane,P0,backend/watermark-revision.js,same hash=duplicate; greater revision/later correction supersedes; ambiguous same revision quarantines,existing revision;incoming revision,accept/reject/quarantine + supersedes,Corrections preserve lineage; no destructive overwrite,IMPLEMENTED_FOUNDATION
ALG-BCK-007,Canonical idempotency-key compiler,Backend/Data Plane,P0,backend/idempotency-dedup.js,provider|operation|externalId-or-rawHash|observedAt,provider metadata;identity/hash;time,stable idempotency key,Missing identity/hash fails closed,IMPLEMENTED_FOUNDATION
ALG-BCK-008,Duplicate versus identity-collision detector,Backend/Data Plane,P0,backend/idempotency-dedup.js,same key+same hash=duplicate; same key+different hash=collision,dedupe window;key;raw hash,duplicate/collision decision,Collision is not silently treated as duplicate,IMPLEMENTED_FOUNDATION
ALG-BCK-009,Provider quota reserve gate,Backend/Data Plane,P0,backend/provider-budget.js,hard remaining check + safety reserve protection + cooldown,remaining quota;requested;reserve;safety;cooldown,allow/block + remainingAfter,Safety receives reserved capacity but cannot exceed real hard provider limit,IMPLEMENTED_FOUNDATION
ALG-BCK-010,Conditional HTTP fetch decision,Backend/Data Plane,P1,backend/conditional-fetch.js,ETag/Last-Modified validators + status classifier,fetch state;response status/headers,NOT_MODIFIED/CHANGED/THROTTLED/RETRYABLE/FATAL,429/5xx never become empty successful datasets,IMPLEMENTED_FOUNDATION
ALG-BCK-011,Durable outbox lease and dispatch,Backend/Operations,P0,backend/outbox-dispatch.js,eligible PENDING/RETRY → CLAIMED lease; success DELIVERED; bounded retry → DEAD,outbox events;lease time;result,updated dispatch state,At-least-once safe with finite retry and dead-letter outcome,IMPLEMENTED_FOUNDATION
ALG-BCK-012,Quarantine evidence release gate,Backend/Operations,P0,backend/quarantine.js,QUARANTINED record may replay only with validator + evidence,quarantine record;validator;evidence,RELEASED_FOR_REPLAY or block,No automatic release after schema/parser/security failure,IMPLEMENTED_FOUNDATION
ALG-BCK-013,Bounded backfill chunk planner,Backend/Operations,P1,backend/backfill-replay.js,"split [start,end) by bounded chunkMs with maxChunks",time window;chunk size;max chunks,ordered replay chunks,Historical work cannot become unbounded job explosion,IMPLEMENTED_FOUNDATION
ALG-BCK-014,Replay priority ordering,Backend/Operations,P1,backend/backfill-replay.js,SAFETY → CURRENT_REPAIR → GROUND_TRUTH → BACKFILL → RESEARCH,replay jobs,priority order,Research/backfill cannot starve current or safety repair,IMPLEMENTED_FOUNDATION
ALG-BCK-015,Canonical EarthEvent merge evidence,Backend/Event Intelligence,P0,backend/canonical-event-store.js,official ID exact match strongest; else topic+location+time threshold; type conflict blocks,two event candidates,merge score + allow/block,Low-confidence event remains separate; no false mega-event,IMPLEMENTED_FOUNDATION
ALG-BCK-016,Event lineage acyclic edge insertion,Backend/Event Intelligence,P0,backend/event-lineage.js,dedupe edges; self-link forbidden; DERIVED_FROM cycle detection,existing edges;candidate edge,new edge set or error,Derived evidence graph remains auditable and acyclic,IMPLEMENTED_FOUNDATION
ALG-BCK-017,Safe Internal API error mapping,Backend/API,P0,backend/api-envelope.js,provider auth/429/5xx → typed public code and bounded redacted message,provider error,API error envelope,Provider secrets/raw body are never exposed to client,IMPLEMENTED_FOUNDATION
ALG-BCK-018,Trace/span correlation and structured log sanitation,Backend/Operations,P0,backend/trace-correlation.js,shared trace ID + child span + recursive secret-key redaction and size bounds,trace context;log fields,safe structured log,No secret/token/API key values or unbounded payloads in logs,IMPLEMENTED_FOUNDATION
ALG-BCK-019,Server secret reference validation,Backend/Security,P0,backend/secret-vault-adapter.js,resolve via injected secret adapter; plaintext secret-like config strings forbidden,secret reference/config,secret value server-side or fail-closed,Browser/docs/config snapshot never contain service secrets,IMPLEMENTED_FOUNDATION
ALG-BCK-020,Release config canonical hash,Backend/Release,P1,backend/release-config-snapshot.js,sorted canonical JSON → SHA-256,non-secret config;release metadata,immutable config snapshot,Rollback/audit can compare exact runtime config without secret capture,IMPLEMENTED_FOUNDATION
ALG-BCK-021,Atomic last-good publish gate,Backend/Data Plane,P0,backend/atomic-publish.js,raw link + schema + freshness + provider health + normalized ref gate before pointer promotion,candidate evidence;current pointer,allow/block then rollback-safe pointer,Invalid/breaking candidate never replaces last-good,IMPLEMENTED_FOUNDATION
ALG-NEWS-002,Governed news-source fetch policy,News/Backend,P0,news/source-registry.js,enabled + termsReviewed + allowAutomatedFetch required; source rights set storage behavior,source config,allow/block + rights contract,No unreviewed automated scraping; snippet/full-text/image rights stay explicit,IMPLEMENTED_FOUNDATION
ALG-NEWS-003,Bounded news normalization and clustering,News/Backend,P0,news/ingestion-cluster.js,bounded title/summary metadata + token similarity/time/location clustering,raw article metadata;source rights,normalized articles + clusters,Full article storage is off by default; repeated coverage does not create pin spam,IMPLEMENTED_FOUNDATION
ALG-BCK-022,Provider registry compile validation,Backend/Governance,P0,backend/provider-registry-compiler.js,unique provider/operation + owner + truth + rights + freshness,p;r;o;v;i;d;e;r; ;o;p;e;r;a;t;i;o;n; ;e;n;t;r;i;e;s,c;o;m;p;i;l;e;d; ;r;e;g;i;s;t;r;y,Drift is explicit; incomplete provider operation fails compile,IMPLEMENTED_FOUNDATION
ALG-BCK-023,Provider registry drift diff,Backend/Governance,P0,backend/provider-registry-compiler.js,keyed operation add/remove/change diff,t;w;o; ;r;e;g;i;s;t;r;i;e;s,d;r;i;f;t; ;r;e;p;o;r;t,Silent registry drift forbidden,IMPLEMENTED_FOUNDATION
ALG-BCK-024,Immutable schema version/hash registration,Backend/Data Plane,P0,backend/versioned-schema-registry.js,provider+operation+version uniquely binds schema hash,s;c;h;e;m;a; ;c;o;n;t;r;a;c;t,r;e;g;i;s;t;e;r;e;d; ;s;c;h;e;m;a,Same version cannot mutate hash,IMPLEMENTED_FOUNDATION
ALG-BCK-025,Schema publish approval gate,Backend/Data Plane,P0,backend/versioned-schema-registry.js,registered approved hash exact match and non-breaking,"r;e;g;i;s;t;e;r;e;d; ;s;c;h;e;m;a;,; ;o;b;s;e;r;v;e;d; ;h;a;s;h;,; ;d;r;i;f;t",a;l;l;o;w;/;b;l;o;c;k,Unapproved schema never publishes,IMPLEMENTED_FOUNDATION
ALG-BCK-026,Distributed lease fencing,Backend/Operations,P0,backend/distributed-job-lease.js,monotonic lease token; only latest valid owner renews/releases,"j;o;b; ;k;e;y;,; ;o;w;n;e;r;,; ;t;t;l",l;e;a;s;e; ;+; ;f;e;n;c;i;n;g; ;t;o;k;e;n,Stale worker cannot publish after newer token,IMPLEMENTED_FOUNDATION
ALG-BCK-027,Cross-source snapshot skew gate,Backend/Data Plane,P0,backend/snapshot-consistency.js,required signal presence + max target skew + cross-signal skew,"s;i;g;n;a;l;s;,; ;t;a;r;g;e;t; ;t;i;m;e",c;o;n;s;i;s;t;e;n;t; ;s;n;a;p;s;h;o;t; ;o;r; ;d;e;g;r;a;d;e;d; ;r;e;a;s;o;n,Different vintages never masquerade as one NOW,IMPLEMENTED_FOUNDATION
ALG-BCK-028,Geo-temporal bounded query,Backend/Query Plane,P0,backend/geotemporal-query.js,bbox + time + type + truth + bounded limit,"c;a;n;o;n;i;c;a;l; ;r;e;c;o;r;d;s;,; ;q;u;e;r;y",o;r;d;e;r;e;d; ;r;e;s;u;l;t;s,Invalid/broad query bounds fail safely,IMPLEMENTED_FOUNDATION
ALG-BCK-029,SingleFlight request coalescing,Backend/Query Plane,P0,backend/request-coalescing.js,one in-flight promise per canonical key,"r;e;q;u;e;s;t; ;k;e;y;,; ;w;o;r;k; ;f;u;n;c;t;i;o;n",s;h;a;r;e;d; ;r;e;s;u;l;t,Failure clears ownership for later retry,IMPLEMENTED_FOUNDATION
ALG-BCK-030,Data-class cache policy resolution,Backend/Query Plane,P0,backend/cache-policy.js,TTL/SWR derived from semantic class and safety,"d;a;t;a; ;c;l;a;s;s;,; ;p;r;o;v;i;d;e;r; ;t;t;l",c;a;c;h;e; ;p;o;l;i;c;y,Safety must revalidate; no stale substitute,IMPLEMENTED_FOUNDATION
ALG-BCK-031,Synthetic route acceptance probe,Backend/Operations,P0,backend/synthetic-runtime-probe.js,status + required fields + timeout + latency,"f;e;t;c;h;e;r;,; ;r;o;u;t;e; ;c;o;n;t;r;a;c;t",p;r;o;b;e; ;e;v;i;d;e;n;c;e,Function/job green status alone is insufficient,IMPLEMENTED_FOUNDATION
ALG-BCK-032,Migration destructive-change detector,Backend/Release,P0,backend/migration-compatibility-gate.js,drop/narrow/not-null without backfill violations,m;i;g;r;a;t;i;o;n; ;o;p;e;r;a;t;i;o;n;s,a;l;l;o;w;/;b;l;o;c;k; ;+; ;v;i;o;l;a;t;i;o;n;s,Protected root/control-plane tables fail closed,IMPLEMENTED_FOUNDATION
ALG-BCK-033,Restore drill manifest verification,Backend/Recovery,P1,backend/restore-drill-verifier.js,required keys + checksum verification,"m;a;n;i;f;e;s;t;,; ;r;e;s;t;o;r;e;d; ;s;e;t",r;e;s;t;o;r;e; ;e;v;i;d;e;n;c;e,Backup existence alone is not recovery proof,IMPLEMENTED_FOUNDATION
ALG-BCK-034,Query resource budget gate,Backend/Query Plane,P0,backend/query-budget-guard.js,rows/bytes/cpu estimate against budget,"q;u;e;r;y; ;e;s;t;i;m;a;t;e;,; ;b;u;d;g;e;t",a;l;l;o;w;/;b;l;o;c;k,Safety exempt from cost throttle; non-safety must narrow,IMPLEMENTED_FOUNDATION
ALG-BCK-035,Latest canonical read-model materialization,Backend/Query Plane,P1,backend/read-model-builder.js,latest updated/observed record wins per identity,c;a;n;o;n;i;c;a;l; ;r;e;c;o;r;d;s,v;e;r;s;i;o;n;e;d; ;r;e;a;d; ;m;o;d;e;l,Read model never replaces raw/canonical history,IMPLEMENTED_FOUNDATION
ALG-BCK-036,Cache freshness predicate,Backend/Query Plane,P0,backend/cache-policy.js,storedAt + ttl > now,c;a;c;h;e; ;e;n;t;r;y,f;r;e;s;h; ;b;o;o;l;e;a;n,Stale status stays explicit,IMPLEMENTED_FOUNDATION
