id,name,category,priority,maturity,phase,existingBasis,action,dependencies,module,definitionOfDone
ANA-001,Privacy-Safe Product Telemetry Engine,Analytics,P1,IMPLEMENTED_FOUNDATION,Wave 4,Analytics events exist,Canonical allowlisted event schema without precise location by default,SEC-003,analytics/telemetry.js,Telemetry excludes secrets and unnecessary precise location
ANA-002,Intelligence Funnel Engine,Analytics,P1,IMPLEMENTED_FOUNDATION,Wave 4,Tourism KPI funnel specified,Compute user progression through intelligence actions,ANA-001,analytics/funnel.js,Only real event data used for KPIs
ANA-003,Alert Effectiveness Engine,Analytics,P1,IMPLEMENTED_FOUNDATION,Wave 4,Notification logs planned/exist,Measure sent/open/action without inventing delivery state,HF-017;ANA-001,analytics/alert-effectiveness.js,Effectiveness separated from safety importance
ANA-004,Engine Cost Attribution Engine,Analytics,P1,IMPLEMENTED_FOUNDATION,Wave 4,Cost observability exists at scheduler level,Attribute compute/storage/egress/request cost per engine,OPS-010,analytics/cost-attribution.js,Cost optimization cannot disable official safety collection
CLD-001,Satellite Product and Tile Broker,Cloud,P1,IMPLEMENTED_FOUNDATION,Wave 3,GK2A/Himawari/global imagery assets exist,Select source per product/tile/time/day-night/channel/rights,FND-005;WX-003,cloud/satellite-product-broker.js,"Regional source, state schema, horizon label, uncertainty and mobile thermal evidence are present"
CLD-002,Cloud Top Retrieval,Cloud,P1,IMPLEMENTED_FOUNDATION,Wave 3,IR imagery exists,IR/profile retrieval with parallax and vertical uncertainty,CLD-001;WX-002,cloud/cloud-state.js,"Regional source, state schema, horizon label, uncertainty and mobile thermal evidence are present"
CLD-003,Cloud Base Retrieval,Cloud,P1,IMPLEMENTED_FOUNDATION,Wave 3,No direct satellite base,RH/LCL/ceilometer estimate with explicit estimated state,CLD-001;WX-002,cloud/cloud-state.js,"Regional source, state schema, horizon label, uncertainty and mobile thermal evidence are present"
CLD-004,Multilayer Cloud Detection,Cloud,P1,IMPLEMENTED_FOUNDATION,Wave 3,No canonical multilayer state,Detect persistent cloud layers and ambiguity,CLD-002;CLD-003,cloud/cloud-state.js,"Regional source, state schema, horizon label, uncertainty and mobile thermal evidence are present"
CLD-005,Canonical Cloud State,Cloud,P1,IMPLEMENTED_FOUNDATION,Wave 3,Current service stores images/products,"Store compact layer state, retrieval metadata and provenance",CLD-001;CLD-004;FND-012,cloud/cloud-state.js,"Regional source, state schema, horizon label, uncertainty and mobile thermal evidence are present"
CLD-006,0-6h Cloud Nowcast,Cloud,P1,IMPLEMENTED_FOUNDATION,Wave 3,No 3D cloud nowcast,Blend observed advection/growth with NWP by horizon,CLD-005;WX-006,weather/nowcast.js,"Regional source, state schema, horizon label, uncertainty and mobile thermal evidence are present"
CLD-007,6h-10d Forecast Cloud Volume,Cloud,P1,IMPLEMENTED_FOUNDATION,Wave 3,NWP clouds exist only as inputs,Low/mid/high synthesis and ensemble-dominant long range,CLD-005;WX-004,cloud/cloud-forecast.js,"Regional source, state schema, horizon label, uncertainty and mobile thermal evidence are present"
CLD-008,Cloud Confidence and Uncertainty,Cloud,P1,IMPLEMENTED_FOUNDATION,Wave 3,No cloud-specific uncertainty,"Source agreement, retrieval quality and ensemble spread",CLD-005;HF-009,cloud/cloud-forecast.js,"Regional source, state schema, horizon label, uncertainty and mobile thermal evidence are present"
CLD-009,Adaptive Cloud Renderer,Cloud,P1,IMPLEMENTED_FOUNDATION,Wave 3,Current clouds are imagery,Mobile 3-shell; desktop bounded half-volume; 7d+ probability volume,CLD-008;VIS-006;FND-002,cloud/cloud-render-policy.js,"Regional source, state schema, horizon label, uncertainty and mobile thermal evidence are present"
CLD-010,Procedural Cloud Detail Synthesizer,Cloud,P2,IMPLEMENTED_FOUNDATION,Wave 3,New v0.2 proposal,"Generate high-frequency visual detail from compact state, not stored voxels",CLD-005;CLD-009,cloud/procedural-detail.js,"Regional source, state schema, horizon label, uncertainty and mobile thermal evidence are present"
DAT-001,Provider Adapter SDK,Data Plane,P1,IMPLEMENTED_FOUNDATION,Wave 1,1.0 handlers have provider-specific clients,Standard adapter lifecycle with validate/normalize/health result,FND-005;FND-006,data/provider-adapter-sdk.js,Provider failure is typed and cannot fabricate normalized data
DAT-002,Canonical Tile Compiler,Data Plane,P1,IMPLEMENTED_FOUNDATION,Wave 1,S3 JSON/PNG/Grid outputs exist,Compile quantized Earthus scalar/vector tile manifests,FND-012;DAT-003,data/tile-compiler.js,"Tiles are versioned, bounded and round-trip tested"
DAT-003,Reprojection and Resampling Engine,Data Plane,P1,IMPLEMENTED_FOUNDATION,Wave 1,Per-feature grids use different resolutions,Shared nearest/bilinear foundation; conservative methods remain dataset-specific,FND-013,data/reprojection-resampling.js,No silent unit/coordinate/resolution mismatch
DAT-004,Time Slice Compiler,Data Plane,P1,IMPLEMENTED_FOUNDATION,Wave 1,Feature timelines exist independently,Align source frames to canonical target slices and evidence modes,FND-004;FND-006,data/time-slice.js,Observed/forecast/history/scenario slices never mix implicitly
DAT-005,Multi-tier Cache Coordinator,Data Plane,P1,IMPLEMENTED_FOUNDATION,Wave 1,Browser/S3 cache and v0.2 3-frame policy exist,Coordinate GPU/RAM/disk/CDN frame residency,FND-002;FND-008,data/cache-coordinator.js,Playback cache remains bounded on mobile
DAT-006,Adaptive Tile Prefetch Engine,Data Plane,P1,IMPLEMENTED_FOUNDATION,Wave 1,Feature-specific prefetch exists,Prefetch only relevant forward/back time slices by network/memory state,DAT-005;FND-004,data/adaptive-prefetch.js,No runaway background download
DAT-007,Revision and Reconciliation Engine,Data Plane,P1,IMPLEMENTED_FOUNDATION,Wave 1,Provider revisions/backfills are handler-specific,Detect same-time provider revisions and controlled backfill windows,FND-012,data/revision-engine.js,Revision is distinguishable from new observation
DAT-008,Feature Snapshot Store Contract,Data Plane,P1,IMPLEMENTED_FOUNDATION,Wave 1,Forecast inputs are not one common immutable object,Create reproducible feature snapshots for forecast/analysis,FND-006;FND-012,data/feature-snapshot.js,Every model result can point to an immutable feature snapshot
DAT-009,Spatial Identity Resolution Engine,Data Plane,P1,IMPLEMENTED_FOUNDATION,Wave 1,Place hierarchy and provider mappings exist but no common ambiguity-aware entity resolver,"Resolve provider places into Earthus master entities using external ID first, then normalized name/address/distance scoring",FND-005;GEO-005,data/spatial-identity-resolution.js,Ambiguous matches remain AMBIGUOUS and provider IDs never silently become Earthus IDs
DAT-010,Learning Data Factory,Data Plane,P1,IMPLEMENTED_FOUNDATION,Wave 4,"Forecast, feature snapshots, ground truth and regime engines exist separately","Build privacy-minimized, rights-gated training examples from forecast -> actual closed loop",DAT-008;HF-007;INT-004;FND-006,data/learning-data-factory.js,No example without ground truth and AI-use rights; user identifiers are removed
FND-001,Cesium Globe Core Adapter,Foundation,P0,REUSE_AS_IS,Wave 0,prototype/js/viewer.js; Cesium 1.143,Freeze renderer contract and expose v2 scene adapter only,,adapters/v8-compat.js,Existing / globe remains unchanged and /v2 can mount without duplicate WebGL context
FND-002,Thermal and Render Quality Adapter,Foundation,P0,REUSE_AS_IS,Wave 0,prototype/js/power.js; render-quality.js,Reuse and bind v2 thermal profiles; rerun real-device gates,FND-001,core/resource-governor.js,"30-cycle toggle, context-loss and thermal tests pass"
FND-003,Truth and Evidence Contract Adapter,Foundation,P0,REUSE_AS_IS,Wave 0,prototype/js/v8/truth-contract.js,Map v8 data classes to v2 evidence kinds without semantic drift,,core/canonical-signal.js,"Official observation/forecast/warning, Earthus analysis and simulation remain distinct"
FND-004,Unified Time Adapter,Foundation,P0,REUSE_WITH_ADAPTER,Wave 0,prototype/js/v8/unified-time.js,Extend to LIVE/FORECAST/HISTORY/SCENARIO slices and availability manifests,FND-003,adapters/v8-compat.js,No current/forecast/history state is mixed and time transitions reuse objects
FND-005,Provider and Source Registry,Foundation,P0,HARDEN,Wave 0,v8 source-registry + handler constants,"Unify endpoint, schema, rights, freshness, health, quota and provenance",FND-003,paid/rights-gate.js,Every production provider has a versioned contract and status row
FND-006,Canonical Signal Contract,Foundation,P0,IMPLEMENTED_FOUNDATION,Wave 0,No shared provider observation model in 1.0,Create immutable canonical signal with geometry/time/evidence/fingerprint,FND-003;FND-005,core/canonical-signal.js,"Every derived value is traceable to source, time, processor and rights"
FND-007,Engine Runtime SDK,Foundation,P0,IMPLEMENTED_FOUNDATION,Wave 0,v8 runtime coordinator is partial,Provide common lifecycle and adapter contract for all v2 engines,FND-001;FND-002,core/engine-runtime.js,"Every engine can mount, update, measure, suspend and dispose deterministically"
FND-008,Resource Ownership Governor,Foundation,P0,IMPLEMENTED_FOUNDATION,Wave 0,Feature-specific abort/dispose paths exist,"Centralize requests, timers, GPU disposers and one-data-hero ownership",FND-007,core/resource-governor.js,"Layer OFF leaves no owned requests, timers or resources"
FND-009,Scene Orchestrator,Foundation,P0,IMPLEMENTED_FOUNDATION,Wave 0,v8 scene-state/runtime coordinator,"Coordinate 6 scene modes, focus, dimming, labels and resource transitions",FND-007;FND-008,core/scene-orchestrator.js,One primary dynamic engine and one static context engine at most
FND-010,Truth Budget Engine,Foundation,P0,IMPLEMENTED_FOUNDATION,Wave 0,New v0.2 proposal derived from no-fabricated-precision rule,"Cap visual fidelity from evidence, resolution, confidence, rights and thermal state",FND-006,core/truth-budget.js,Aggregate data can never silently become precision geometry
FND-011,Visual Manifest and Semantic Linter,Foundation,P0,IMPLEMENTED_FOUNDATION,Wave 0,v8 visual-layer-registry,Generate menus from one manifest and lint visual truth semantics,FND-003;FND-009;FND-010,visual/visual-manifest.js + visual/semantic-linter.js,"Red, forecast, simulation and label semantics are consistently enforced"
FND-012,Canonical Signal Lake Index,Foundation,P0,IMPLEMENTED_FOUNDATION,Wave 0,S3 object data plane; no shared observation DB,"Add versioned keys, revision manifest, watermarks and backfill windows",FND-006,storage/canonical-lake.js,Observation and forecast runs are reproducible without replacing S3 data plane
FND-013,Geospatial Reference Engine,Foundation,P0,IMPLEMENTED_FOUNDATION,Wave 0,WGS84 used per feature; no shared antimeridian engine,"Normalize WGS84, dateline geometries, bounds, centroids and spatial tests",FND-006,geo/geospatial-reference.js,Polygon/MultiPolygon/date-line cases produce stable focus geometry
FND-014,Country Focus Geometry and Dimming,Foundation,P0,IMPLEMENTED_FOUNDATION,Wave 0,Country reference assets and v8 scene state,"Calculate focus camera, clipping and context dimming without data duplication",FND-009;FND-013,geo/country-focus.js,Selected country is emphasized while only intersecting tiles are requested
FND-015,Terrain Source and LOD Broker,Foundation,P0,IMPLEMENTED_FOUNDATION,Wave 0,Existing Cesium terrain and reference builders,Select global/national/precision DEM and screen-space LOD by budget,FND-013;FND-014,geo/terrain-source-broker.js + geo/terrain-lod.js,No LOD pop and mobile tile budget is bounded
FND-016,Paid Intelligence Delivery Shell,Foundation,P0,IMPLEMENTED_FOUNDATION,Wave 0,Supabase plans/orders and v8 entitlement boundary,Expose NOW/WHY/NEXT/FOR ME/COMPARE/SCENARIO/EVIDENCE as allow/preview/deny,FND-003;FND-005,paid/entitlement.js + paid/intelligence-orchestrator.js,"Official safety is free and premium tabs are previewed, not hidden"
FND-017,Planet Intelligence Orchestrator,Foundation,P0,IMPLEMENTED_FOUNDATION,Wave 0,"Scene Orchestrator, Truth Budget, Resource Governor already exist separately","Compile one execution plan from scene, truth, device/network quality and resource ownership",FND-009;FND-010;FND-008;FND-018,core/planet-intelligence-orchestrator.js,"One primary dynamic engine, context layer, fetch policy, degrade warnings and previous-engine disposal are explicit"
FND-018,Device Network Battery Governor,Foundation,P0,IMPLEMENTED_FOUNDATION,Wave 0,"Thermal/quality adapter exists but network, battery and reduced motion are not one policy","Resolve FULL/BALANCED/LITE/STATIC quality from device memory, network, save-data, battery, thermal and accessibility",FND-002,core/device-network-governor.js,Quality policy deterministically lowers cloud/terrain/prefetch/FPS without inventing data
GEO-001,Terrain/Data Morph Engine,Geo/Terrain,P1,IMPLEMENTED_FOUNDATION,Wave 1,Existing terrain plus human relief,Morph actual terrain to bounded data relief without changing raw values,FND-015,geo/terrain-data-morph.js,Tooltip retains original value and morph reuses geometry
GEO-002,Bathymetry and Trench Level 1,Geo/Terrain,P1,IMPLEMENTED_FOUNDATION,Wave 2,GEBCO manifest and ocean layers,Separate sea surface and negative elevation with device gates,FND-015,geo/bathymetry-policy.js,"Level 1 sea-surface suppression, depth scale and memory budget pass"
GEO-003,Trench Camera Level 2,Geo/Terrain,P2,IMPLEMENTED_FOUNDATION,Wave 3,No production underwater camera,Country/ocean to trench camera transition and depth labels,GEO-002,geo/trench-camera.js,Level 2 camera choreography targets verified bathymetry without claiming full underwater navigation
GEO-004,Underwater Camera Level 3,Geo/Terrain,P2,FUTURE_VISION,Future,Not available in 1.0,Limited underwater entry with fog/light/particles,GEO-003,,Only opens after Level 2 and device memory gates
GEO-005,Place Hierarchy Resolver,Geo/Terrain,P1,IMPLEMENTED_FOUNDATION,Wave 1,Countries/regions/POIs exist in separate registries,Resolve Earth->Country->Region->City->District->Spot ancestry,FND-013,geo/place-hierarchy.js,Place ancestry is canonical and provider IDs remain external
HAZ-001,Unified Official Warning Engine,Hazard,P0,IMPLEMENTED_FOUNDATION,Wave 3,KMA/NWS/regional warning feeds exist,Normalize active official warnings with severity/source precedence,FND-003;FND-005,hazards/warning-engine.js,Active official warning cannot be downranked by Earthus
HAZ-002,Hazard Event Graph,Hazard,P1,IMPLEMENTED_FOUNDATION,Wave 3,Hazard layers exist independently,Link evidence-backed related events without causal overclaim,FND-006,hazards/event-graph.js,Every relation stores evidence/confidence
HAZ-003,Earthquake Depth Engine,Hazard,P1,IMPLEMENTED_FOUNDATION,Wave 3,USGS/KMA/JMA quake points exist,Render verified hypocenter depth below terrain with bounded exaggeration,FND-013;VIS-007,hazards/earthquake-depth.js,Depth visual is not P/S wave prediction
HAZ-004,Seismic Cluster Context Engine,Hazard,P1,IMPLEMENTED_FOUNDATION,Wave 3,Historical quake data exists,"Spatiotemporal clustering for context, not aftershock prediction",HAZ-003,hazards/earthquake-depth.js,Cluster label explicitly says context not prediction
HAZ-005,Tsunami Official Alert Integrator,Hazard,P1,IMPLEMENTED_FOUNDATION,Wave 3,PTWC/NTWC/JMA/KMA tsunami sources exist,"Separate official alerts, gauge observations, history and simulation",HAZ-001,hazards/tsunami-alert.js,Official alert remains free and primary
HAZ-006,Tsunami Travel-Time Visualizer,Hazard,P1,IMPLEMENTED_FOUNDATION,Wave 3,Official/historical travel-time products may exist,Render only provided official/model travel-time rings in current phase,HAZ-005;VIS-007,hazards/tsunami-alert.js,Does not numerically simulate propagation in P1
HAZ-007,Lightning Cell Tracking Engine,Hazard,P1,IMPLEMENTED_FOUNDATION,Wave 3,KMA lightning points exist,Cluster recent strokes and track centroid motion as evidence,HAZ-002,hazards/lightning-track.js,Centroid motion is estimated and labeled
HAZ-008,Wildfire Hotspot Fusion Engine,Hazard,P1,IMPLEMENTED_FOUNDATION,Wave 3,NASA FIRMS wildfire feed exists,Cluster thermal hotspots without inventing burn perimeter,HAZ-002,hazards/wildfire-smoke.js,Hotspot cluster != official fire perimeter
HAZ-009,Smoke Exposure Engine,Hazard,P1,IMPLEMENTED_FOUNDATION,Wave 3,Wind/air/smoke model inputs available by provider,Integrate model/observed smoke along areas/routes,HAZ-008;INT-006,hazards/wildfire-smoke.js,Not medical dose; source kind displayed
HAZ-010,Cyclone Multi-Agency Track Resolver,Hazard,P1,IMPLEMENTED_FOUNDATION,Wave 3,KMA/JMA/NHC official tracks exist,Choose regional primary agency and preserve alternates; never average official tracks,HAZ-001;VIS-008,hazards/cyclone-resolver.js,Agency disagreement remains visible
HAZ-011,Cross-Agency Event Fusion Engine,Hazard,P1,IMPLEMENTED_FOUNDATION,Wave 3,"Hazard event graph and agency adapters exist, but duplicate cross-agency events are not canonicalized",Group likely same events by type/time/distance while preserving agency-specific values and geometry,HAZ-001;HAZ-002,hazards/event-fusion.js,Agency values are not averaged and conflicting official records remain inspectable
HF-001,Spatiotemporal Fusion,Human Flow,P1,IMPLEMENTED_FOUNDATION,Wave 2,Provider-specific mappings exist,"Align space, time, units, resolution and source mapping",FND-006;FND-013;FND-012,human-flow/spatiotemporal-fusion.js,Signals are aligned to one snapshot time with explicit staleness rejection and required-variable degradation
HF-002,Earthus Spatial Cell Registry,Human Flow,P1,IMPLEMENTED_FOUNDATION,Wave 2,Seoul 121-place registry only,Canonical area/cell/POI mapping with geometry provenance,HF-001,human-flow/spatial-cell-registry.js,Versionable Earthus cells and provider mappings are registered without using provider IDs as master IDs
HF-003,Density Algorithm,Human Flow,P1,IMPLEMENTED_FOUNDATION,Wave 2,Official population ranges exist,"Density and comparable crowd index, separate from renderer",HF-002,human-flow/algorithms.js,"Output stores evidence, state, confidence and version; no fabricated direction/capacity"
HF-004,Trend Algorithm,Human Flow,P1,IMPLEMENTED_FOUNDATION,Wave 2,Timeline samples exist,EWMA + Theil-Sen + persistence,HF-003,human-flow/algorithms.js,"Output stores evidence, state, confidence and version; no fabricated direction/capacity"
HF-005,Evidence-limited Flow Algorithm,Human Flow,P1,IMPLEMENTED_FOUNDATION,Wave 2,No verified OD in aggregate data,Output direction only with OD/graph evidence,HF-002,human-flow/algorithms.js,"Output stores evidence, state, confidence and version; no fabricated direction/capacity"
HF-006,Baseline Crowd Forecast v0,Human Flow,P1,IMPLEMENTED_FOUNDATION,Wave 2,Provider forecast exists; Earthus model output not released,Explainable baseline + bounded factors before calibration,HF-003;HF-004,human-flow/algorithms.js,"Output stores evidence, state, confidence and version; no fabricated direction/capacity"
HF-007,Ground Truth Verification,Human Flow,P1,IMPLEMENTED_FOUNDATION,Wave 2,Forecast release control plane exists,Attach every forecast to actual observation and metrics,HF-006;FND-012,human-flow/forecast-lifecycle.js,"Output stores evidence, state, confidence and version; no fabricated direction/capacity"
HF-008,Calibration Loop v1,Human Flow,P1,IMPLEMENTED_FOUNDATION,Wave 2,No unified calibration loop,Forecast v0 -> shadow -> actual -> calibration -> canary,HF-007,human-flow/forecast-lifecycle.js,"Output stores evidence, state, confidence and version; no fabricated direction/capacity"
HF-009,Confidence Engine,Human Flow,P1,IMPLEMENTED_FOUNDATION,Wave 2,Freshness logic is feature-specific,"Combine quality, coverage, agreement and historical error",FND-006;HF-007,core/confidence.js,"Output stores evidence, state, confidence and version; no fabricated direction/capacity"
HF-010,Anomaly Engine,Human Flow,P1,IMPLEMENTED_FOUNDATION,Wave 2,No common anomaly service,Robust seasonal deviation + persistence + correlated signals,HF-003;HF-004,human-flow/algorithms.js,"Output stores evidence, state, confidence and version; no fabricated direction/capacity"
HF-011,Capacity Engine,Human Flow,P1,IMPLEMENTED_FOUNDATION,Wave 2,Validated capacity sparse,Calculate only from validated capacity; otherwise UNKNOWN,HF-002,human-flow/algorithms.js,"Output stores evidence, state, confidence and version; no fabricated direction/capacity"
HF-012,Risk Hard-Gate Engine,Human Flow,P1,IMPLEMENTED_FOUNDATION,Wave 2,Official warning paths exist,Official emergency and closure override derived scores,HF-009,human-flow/algorithms.js,"Output stores evidence, state, confidence and version; no fabricated direction/capacity"
HF-013,Spatial Graph Engine,Human Flow,P1,IMPLEMENTED_FOUNDATION,Wave 2,No common graph,"Typed nodes/edges, path and bottleneck foundation",HF-002,human-flow/spatial-graph.js,"Output stores evidence, state, confidence and version; no fabricated direction/capacity"
HF-014,Spatial Digital Twin,Human Flow,P2,IMPLEMENTED_FOUNDATION,Wave 4,No canonical gate/walkway/safe-zone twin,Bind verified facilities and status to graph,HF-013,human-flow/digital-twin.js,Digital-twin entities require verified geometry and capacity provenance
HF-015,Domain Policy Registry,Human Flow,P1,IMPLEMENTED_FOUNDATION,Wave 2,Policies only in documents,Separate Tourism/Surf/Fishing/Hiking/etc. from common score,HF-012,core/domain-policy.js,"Output stores evidence, state, confidence and version; no fabricated direction/capacity"
HF-016,Best Window Engine,Human Flow,P1,IMPLEMENTED_FOUNDATION,Wave 2,Recommendation concepts and Watch exist,Score time windows with official hard gates and alternatives,HF-015;HF-006,core/domain-policy.js,"Output stores evidence, state, confidence and version; no fabricated direction/capacity"
HF-017,Watch and Notification Decision,Human Flow,P1,HARDEN,Wave 2,Supabase watch/push foundations,"Cooldown, dedupe, confidence, consent, deep link",HF-016;FND-016,,"Output stores evidence, state, confidence and version; no fabricated direction/capacity"
HF-018,Human Flow Scenario,Human Flow,P2,IMPLEMENTED_FOUNDATION,Wave 4,No common scenario engine,Graph/rule what-if isolated from LIVE,HF-013;HF-014,human-flow/scenario.js,Scenario output is isolated from LIVE state and explicitly SIMULATION
HYD-001,Hydrography Network,Hydrology,P1,IMPLEMENTED_FOUNDATION,Wave 4,River layers are not a common graph,"Represent main stem, tributaries, basin and downstream path",VIS-005;FND-013,hydrology/hydrography-network.js,"Cloud, precipitation, runoff, river routing and flood remain separate evidence types"
HYD-002,River Visual Network Adapter,Hydrology,P1,IMPLEMENTED_FOUNDATION,Wave 4,Feature-specific line renderer,Bind hydrography hierarchy to DATA NETWORK,HYD-001;VIS-005,hydrology/river-visual-network.js,River network uses verified hierarchy; direction is hidden unless source evidence exists
HYD-003,Runoff Engine,Hydrology,P2,IMPLEMENTED_FOUNDATION,Wave 4,No runoff engine,SCS runoff foundation; requires calibrated basin parameters,WX-016;HYD-001,hydrology/runoff-routing.js,"Cloud, precipitation, runoff, river routing and flood remain separate evidence types"
HYD-004,River Routing Engine,Hydrology,P2,IMPLEMENTED_FOUNDATION,Wave 4,No routing engine,Linear reservoir foundation; replace/validate per basin,HYD-003,hydrology/runoff-routing.js,"Cloud, precipitation, runoff, river routing and flood remain separate evidence types"
HYD-005,Flood/Inundation Scenario,Hydrology,P2,IMPLEMENTED_FOUNDATION,Wave 4,Official flood warnings only,"Scenario gate requires DEM, hydrography and calibration",HYD-004;GEO-002,hydrology/runoff-routing.js,"Cloud, precipitation, runoff, river routing and flood remain separate evidence types"
HYD-006,Tsunami Bathymetric Propagation,Hydrology,P2,FUTURE_VISION,Wave 4,Official alert/travel-time data exists,Numerical propagation only after bathymetry and validation,GEO-003,,"Cloud, precipitation, runoff, river routing and flood remain separate evidence types"
INT-001,Planet State Graph,Intelligence,P1,IMPLEMENTED_FOUNDATION,Wave 4,Signals are currently consumed by feature,Shared graph connecting location/time/domain signals and evidence,FND-006;HAZ-002,intelligence/planet-state-graph.js,Graph relations do not imply causality without evidence
INT-002,Cross-Domain Correlation Engine,Intelligence,P1,IMPLEMENTED_FOUNDATION,Wave 4,Weather/Human/Ocean signals can share time axis,Calculate statistical association with minimum sample rule,INT-001;FND-004,intelligence/correlation.js,Correlation is never phrased as causation
INT-003,Analog Event Retrieval Engine,Intelligence,P1,IMPLEMENTED_FOUNDATION,Wave 4,Historical archive/event capsules planned,Rank comparable cases using normalized feature distance,STO-009;DAT-008,intelligence/analog-retrieval.js,Analog similarity exposes features and distance
INT-004,Regime Detection Engine,Intelligence,P1,IMPLEMENTED_FOUNDATION,Wave 4,Trend systems exist per domain,Classify stable/rising/falling/volatile regimes from time series,FND-004,intelligence/regime-detector.js,Rule is explanatory and domain thresholds remain configurable
INT-005,Personal Impact Engine,Intelligence,P1,IMPLEMENTED_FOUNDATION,Wave 4,Paid Personal Context specified in v0.2,Map verified signals to saved schedules/places with official gates,PAY-005;HF-012,intelligence/personal-impact.js,No hidden health or sensitive inference
INT-006,Route Exposure Engine,Intelligence,P1,IMPLEMENTED_FOUNDATION,Wave 4,Routes can be represented as graph/segments,Integrate weather/air/hazard exposure by segment,HF-013;FND-006,intelligence/route-exposure.js,Official closures/warnings override route score
INT-007,Decision Explanation Engine,Intelligence,P1,IMPLEMENTED_FOUNDATION,Wave 4,Best Window and Trust Ledger exist,"Return ranked contributions, gates and evidence for every recommendation",HF-016;OPS-018,intelligence/decision-explanation.js,No recommendation without reason codes
INT-008,Event Story Orchestrator,Intelligence,P1,IMPLEMENTED_FOUNDATION,Wave 4,DATA STORY became orchestration layer,Compose time/camera/layer/evidence steps without inventing facts,FND-004;FND-009;OPS-018,intelligence/story-orchestrator.js,Story steps retain evidence kind and source refs
OCN-001,Ocean State Fusion Engine,Ocean,P1,IMPLEMENTED_FOUNDATION,Wave 3,SST/wave/current/buoy layers exist separately,Canonical ocean state with scalar/vector truth separation,WX-002;FND-006,ocean/ocean-state.js,Scalar current never becomes a vector without U/V evidence
OCN-002,Surface Current Vector Engine,Ocean,P1,IMPLEMENTED_FOUNDATION,Wave 3,v8 ocean-engine supports vector contract; current source may be scalar,Normalize U/V to speed/direction and bind DATA FLOW only when valid,OCN-001;VIS-004,ocean/ocean-state.js,Direction is unavailable rather than invented when vector data missing
OCN-003,Wave State Engine,Ocean,P1,IMPLEMENTED_FOUNDATION,Wave 3,Wave grid exists,Normalize Hs/direction/period and controlled visual exaggeration,OCN-001;VIS-003,ocean/wave-engine.js,Visual wave height clearly marked as visualization
OCN-004,Swell Arrival Engine,Ocean,P1,IMPLEMENTED_FOUNDATION,Wave 3,Swell layer exists,Deep-water group-velocity ETA foundation with explicit approximation label,OCN-003,ocean/swell-arrival.js,Nearshore effects are never claimed when not modeled
OCN-005,Tide and Sea-Level Engine,Ocean,P1,IMPLEMENTED_FOUNDATION,Wave 3,Tide-gauge/sea-level sources can be added via providers,"Separate observed level, astronomical prediction and residual",DAT-001,ocean/tide-sea-level.js,Observed vs predicted vs residual are separately labeled
OCN-006,Marine Observation Fusion,Ocean,P1,IMPLEMENTED_FOUNDATION,Wave 3,Buoy layer already exists,Select freshest quality-qualified observation per variable,OCN-001;OPS-005,ocean/marine-observation.js,No averaging of incompatible sensor variables
OCN-007,SST Front and Eddy Feature Engine,Ocean,P1,IMPLEMENTED_FOUNDATION,Wave 3,SST and current grids exist,Detect strong SST gradients and rotation proxy as derived features,OCN-001;DAT-003,ocean/sst-features.js,Features are DERIVED and not official fronts/eddies unless provider supplies them
OCN-008,Coastal Exposure Engine,Ocean,P1,IMPLEMENTED_FOUNDATION,Wave 3,Wave/swell/weather safety signals exist,Combine marine exposure with official-warning hard gate,OCN-003;OCN-004;OCN-005;HF-012,ocean/coastal-exposure.js,Official warning overrides convenience/activity scoring
OPS-001,Provider Health Engine,Operations/Governance,P0,IMPLEMENTED_FOUNDATION,Wave 1,wind/health.json and handler retries exist,Common health states and freshness SLO,FND-005,ops/provider-health.js,Status is evidence-based; code existence is not promoted to production-active without runtime proof
OPS-002,Circuit Breaker and Backoff,Operations/Governance,P1,IMPLEMENTED_FOUNDATION,Wave 3,No common circuit breaker,Common breaker/backoff/last-good policy,OPS-001,ops/provider-health.js,Status is evidence-based; code existence is not promoted to production-active without runtime proof
OPS-003,Job Dependency DAG,Operations/Governance,P1,IMPLEMENTED_FOUNDATION,Wave 3,60 EventBridge rules but no common DAG,Declare collector/fusion/forecast/archive dependencies,OPS-001,ops/job-dag.js,Job dependencies topologically validate and cycles/unknown dependencies fail closed
OPS-004,Dead Letter Recovery,Operations/Governance,P1,IMPLEMENTED_FOUNDATION,Wave 3,Lambda DLQ 0 in audit,DLQ/quarantine/replay for critical providers,OPS-003,ops/dead-letter-recovery.js,Dead-letter items retry only with idempotency and retryable error classes
OPS-005,Freshness SLO Registry,Operations/Governance,P1,IMPLEMENTED_FOUNDATION,Wave 3,Freshness feature-specific,Per dataset SLA and stale UX contract,OPS-001,ops/freshness-slo.js,Per-dataset freshness rules produce LIVE/STALE/UNAVAILABLE consistently
OPS-006,ModelOps Lifecycle,Operations/Governance,P1,IMPLEMENTED_FOUNDATION,Wave 3,Forecast boundary exists,Draft/Shadow/Canary/Active/Rollback/Retired gates,HF-007,ops/modelops.js,Status is evidence-based; code existence is not promoted to production-active without runtime proof
OPS-007,Champion/Challenger Selector,Operations/Governance,P1,IMPLEMENTED_FOUNDATION,Wave 3,New v0.2 proposal,Select by region/horizon skill plus calibration,OPS-006,ops/modelops.js,Status is evidence-based; code existence is not promoted to production-active without runtime proof
OPS-008,Country Data Passport Compiler,Operations/Governance,P1,IMPLEMENTED_FOUNDATION,Wave 3,New v0.2 proposal,Compile data/license/visual/performance/QA readiness,FND-014;PAY-010,ops/readiness-compiler.js,Status is evidence-based; code existence is not promoted to production-active without runtime proof
OPS-009,Observation Gap Lens,Operations/Governance,P1,IMPLEMENTED_FOUNDATION,Wave 3,coverage layer exists,Show what is observed vs model-dependent,FND-006,ops/observation-gap.js,Status is evidence-based; code existence is not promoted to production-active without runtime proof
OPS-010,Cost Observability,Operations/Governance,P1,IMPLEMENTED_FOUNDATION,Wave 3,Cloud cost metrics unverified,Estimate storage/egress/request/compute cost,FND-012,ops/cost-observability.js,Status is evidence-based; code existence is not promoted to production-active without runtime proof
OPS-011,Cost-to-Value Scheduler,Operations/Governance,P1,IMPLEMENTED_FOUNDATION,Wave 3,New v0.2 proposal,Downsample/defer low-value high-cost jobs while preserving safety,OPS-010,ops/cost-observability.js,Status is evidence-based; code existence is not promoted to production-active without runtime proof
OPS-012,Rollback Engine,Operations/Governance,P1,IMPLEMENTED_FOUNDATION,Wave 3,Scoped deployment scripts exist,Versioned /v2 rollback for app/data/model,OPS-003;OPS-006,ops/rollback-engine.js,Rollback is blocked without verified artifact or with irreversible migration
OPS-013,Performance and Thermal Lab,Operations/Governance,P1,IMPLEMENTED_FOUNDATION,Wave 3,Contract tests exist; real devices unknown,Automated 30-cycle/context-loss/30-minute playback evidence,FND-002;FND-008,ops/performance-lab.js,FPS/frame/memory/thermal acceptance metrics are compiled from runtime samples
OPS-014,Regional Standards and Localization,Operations/Governance,P1,IMPLEMENTED_FOUNDATION,Wave 3,Country-specific formatting is feature-specific,KR/JP/US/GB unit/time/AQI/warning terminology,FND-006,core/localization.js,Status is evidence-based; code existence is not promoted to production-active without runtime proof
OPS-015,Platform Delivery Capability Gate,Operations/Governance,P1,IMPLEMENTED_FOUNDATION,Wave 3,Current product is PWA; no native projects found,PWA/wrapper/native/geofence/Vision Pro capability plan,FND-001,core/platform-capability.js,Status is evidence-based; code existence is not promoted to production-active without runtime proof
OPS-016,Source Governance and Paid Use,Operations/Governance,P1,HARDEN,Wave 3,v8 rights registry/private shadow exists,Enforce source rights at display/derivative/export/API boundaries,PAY-010;FND-005,,Status is evidence-based; code existence is not promoted to production-active without runtime proof
OPS-017,Fail-Soft Scene Profile Compiler,Operations/Governance,P1,IMPLEMENTED_FOUNDATION,Wave 3,New v0.2 proposal,Downgrade unavailable or thermally unsafe scenes without fabricating replacement data,FND-008;FND-009;FND-010,core/fail-soft-scene.js,Status is evidence-based; code existence is not promoted to production-active without runtime proof
OPS-018,Trust Ledger Drill-down,Operations/Governance,P1,IMPLEMENTED_FOUNDATION,Wave 3,New v0.2 proposal,Expose supporting and counter evidence for each derived output or narrative claim,FND-003;FND-006,core/trust-ledger.js,Status is evidence-based; code existence is not promoted to production-active without runtime proof
OPS-019,Engine Reuse Enforcement Gate,Operations/Governance,P0,IMPLEMENTED_FOUNDATION,Wave 0,Reuse matrix exists as documentation but no executable new-engine gate exists,Block NEW engine proposals when catalog/repository reuse candidates exist or Gap Evidence is incomplete,,ops/engine-reuse-enforcer.js,"Every NEW engine has catalog search, repository search and capability-gap evidence before implementation"
PAY-001,Entitlement Engine,Paid/Business,P0,IMPLEMENTED_FOUNDATION,Wave 1,Plans/orders and v8 boundary exist,Server-enforced allow/preview/deny with safety-free exception,FND-016,paid/entitlement.js,"Official safety stays free; paid value comes from analysis, comparison, personalization and action"
PAY-002,Intelligence Panel Orchestrator,Paid/Business,P0,IMPLEMENTED_FOUNDATION,Wave 1,No shared paid panel,Build NOW/WHY/NEXT/FOR ME/COMPARE/SCENARIO/EVIDENCE payload,PAY-001,paid/intelligence-orchestrator.js,"Official safety stays free; paid value comes from analysis, comparison, personalization and action"
PAY-003,Usage Metering,Paid/Business,P1,IMPLEMENTED_FOUNDATION,Wave 4,No common usage ledger,Meter restore/report/model/Scenario usage,PAY-001,paid/usage-metering.js,"Official safety stays free; paid value comes from analysis, comparison, personalization and action"
PAY-004,Quota Engine,Paid/Business,P1,IMPLEMENTED_FOUNDATION,Wave 4,No quota service,Enforce plan/feature/period limits,PAY-003,paid/usage-metering.js,"Official safety stays free; paid value comes from analysis, comparison, personalization and action"
PAY-005,Personal Context Engine,Paid/Business,P1,IMPLEMENTED_FOUNDATION,Wave 4,Saved places/watch partial,"Resolve schedule, place, activity, route with minimal collection",PAY-002,paid/personal-context.js,Only explicitly allowed context fields survive consent-aware minimization
PAY-006,Comparison Engine,Paid/Business,P1,IMPLEMENTED_FOUNDATION,Wave 4,No common normalizer,Compare location/time/model/baseline with resolution disclosure,FND-006;PAY-002,paid/comparison.js,Cross-item comparison blocks semantic/unit mismatch and exposes resolution mismatch
PAY-007,Scenario Engine,Paid/Business,P2,IMPLEMENTED_FOUNDATION,Wave 4,No common scenario runtime,Isolated what-if runs with quotas and audit log,PAY-003;HF-018,paid/scenario.js,"Scenario execution requires Control/Business, quota and zero LIVE mutation"
PAY-008,Report and API Engine,Paid/Business,P2,HARDEN,Wave 4,Research report functions have deploy drift,Evidence-linked export and API quotas,PAY-003;FND-005,,"Official safety stays free; paid value comes from analysis, comparison, personalization and action"
PAY-009,Country Unlock Ledger,Paid/Business,P1,IMPLEMENTED_FOUNDATION,Wave 4,New product idea,"Supporter ledger, readiness and open gates",PAY-001;OPS-008,paid/country-unlock.js,"Official safety stays free; paid value comes from analysis, comparison, personalization and action"
PAY-010,Commercial Rights Gate,Paid/Business,P0,IMPLEMENTED_FOUNDATION,Wave 1,Rights are distributed per source,Block display/cache/derivative/export/resale by source rights,FND-005,paid/rights-gate.js,"Official safety stays free; paid value comes from analysis, comparison, personalization and action"
PAY-011,Subscription State Engine,Paid/Business,P1,IMPLEMENTED_FOUNDATION,Wave 4,Checkout/payment functions exist but sales closed,Trial/grace/renewal/expiry/refund entitlement lifecycle,PAY-001,paid/subscription-state.js,Subscription state transitions are explicit and invalid transitions fail closed
PAY-012,Premium Cache Engine,Paid/Business,P1,IMPLEMENTED_FOUNDATION,Wave 4,No shared premium result cache,Reuse identical WHY/NEXT/COMPARE calculations,PAY-002;FND-012,paid/premium-cache.js,Premium analysis cache uses version/context-bound keys and TTL
PAY-013,Offline Trip Pack,Paid/Business,VNEXT,IMPLEMENTED_FOUNDATION,Wave 4,New v0.2 proposal,"Pre-cache official weather, POIs, safety and itinerary for selected trip",PAY-005;PAY-010,paid/offline-trip-pack.js,"Official safety stays free; paid value comes from analysis, comparison, personalization and action"
QA-001,Engine Contract Harness,Quality,P0,IMPLEMENTED_FOUNDATION,Wave 1,Many contract tests already exist,Common async test harness for engine contracts,FND-007,qa/contract-harness.js,Every new engine has deterministic contract tests
QA-002,Fault Injection Engine,Quality,P1,IMPLEMENTED_FOUNDATION,Wave 1,Provider failure paths need systematic proof,Inject timeout/stale/schema drift/missing/partial fixtures,OPS-002;DAT-001,qa/fault-injection.js,Fail-soft behavior can be reproduced without production outage
QA-003,Replay Regression Engine,Quality,P1,IMPLEMENTED_FOUNDATION,Wave 1,Archive/replay planned,Compare canonical replay outputs with tolerances,STO-010;DAT-007,qa/replay-regression.js,Processor upgrade cannot silently alter historical truth
QA-004,Launch Gate Compiler,Quality,P0,IMPLEMENTED_FOUNDATION,Wave 1,Many separate DoD gates exist,Compile required PASS/FAIL/UNKNOWN into one release state,QA-001,qa/launch-gate.js,UNKNOWN required evidence blocks completion claim
QA-005,Completion Evidence Compiler,Quality,P0,IMPLEMENTED_FOUNDATION,Wave 0,Tests and launch gates exist but code existence can still be mistaken for completion,"Compile mandatory actual-data, runtime, browser/device, screenshot, performance, dispose, regression and reuse evidence",QA-001;OPS-013,qa/completion-evidence.js,Feature cannot be DONE from files/interfaces/tests alone without runtime acceptance evidence
SEC-001,Secret Redaction Middleware,Security,P0,IMPLEMENTED_FOUNDATION,Wave 1,Audit found query/path key exposure risk,Redact known secret parameters and runtime secret fragments,FND-005,security/redaction.js,Secrets do not appear in logs/errors/telemetry
SEC-002,Public Endpoint Abuse Guard,Security,P1,IMPLEMENTED_FOUNDATION,Wave 1,Audit found Auth NONE function URLs,Token-bucket foundation for public cost surfaces,OPS-010,security/abuse-guard.js,Abuse protection does not block official safety reads globally
SEC-003,Privacy Minimization Engine,Security,P1,IMPLEMENTED_FOUNDATION,Wave 1,Watch/location data exist; native app not yet fixed,Allowlist telemetry/profile fields; precise location opt-in only,PAY-005,security/privacy-minimization.js,Precise movement not stored by default
SEC-004,Access Audit Ledger,Security,P1,IMPLEMENTED_FOUNDATION,Wave 1,Supabase access audit exists partially,Canonical audit decision record for premium/admin/restore actions,PAY-001,security/audit-ledger.js,Sensitive actions leave reasoned audit records
SPC-001,Earthus-Aetherus Space Event Bridge,Space,P2,IMPLEMENTED_FOUNDATION,Wave 4,Aetherus is a separate Three.js/runtime boundary,Handoff launch/satellite event references without merging ownership,FND-009,space/space-event-bridge.js,Earthus and Aetherus runtime ownership remains separate
SPC-002,Launch Event Lifecycle Engine,Space,P2,IMPLEMENTED_FOUNDATION,Wave 4,Launch Library/event concepts exist,Schedule/countdown/hold/ascent/success/failure/satellite handoff state machine,SPC-001;VIS-008,space/launch-event.js,No trajectory progress without telemetry/evidence
SPC-003,Celestial Local Context Engine,Space,P2,IMPLEMENTED_FOUNDATION,Wave 4,Local sky/AR concept exists,Combine provided ephemeris altitude and cloud context for visibility state,CLD-005,space/celestial-context.js,Not a photometric guarantee and no ephemeris invented
STO-001,Archive Packager,Storage/Archive,P1,IMPLEMENTED_FOUNDATION,Wave 3,S3 archive patterns exist,Create Zarr/Parquet/JSON/tar.zst day-region package,FND-012;CLD-005,storage/archive-packager.js,Archive package plan carries schema/processor/time/record/checksum contracts
STO-002,NAS Archive Agent,Storage/Archive,P1,IMPLEMENTED_FOUNDATION,Wave 3,No NAS agent,"Outbound pull, resume, least privilege and capacity reporting",STO-001,storage/nas-archive-agent.js,NAS outbound-pull state machine supports retry/resume without LIVE service dependency
STO-003,Archive State Machine,Storage/Archive,P1,IMPLEMENTED_FOUNDATION,Wave 3,No common state machine,Safe HOT-to-COLD and restore transitions,STO-001,storage/archive-state-machine.js,NAS is never a LIVE dependency and S3 deletion cannot occur before verified shadow test
STO-004,Archive Verification and Deletion Gate,Storage/Archive,P1,IMPLEMENTED_FOUNDATION,Wave 3,No NAS verification gate,Checksum/count/size/snapshot/grace/shadow proof,STO-003,storage/archive-verification.js,NAS is never a LIVE dependency and S3 deletion cannot occur before verified shadow test
STO-005,Archive Catalog,Storage/Archive,P1,IMPLEMENTED_FOUNDATION,Wave 3,No online NAS catalog,Index region/time/resolution/source/path/restore state,STO-003;FND-012,storage/archive-catalog.js,Online archive catalog finds assets by dataset/region/time and records restores
STO-006,Restore Engine,Storage/Archive,P1,IMPLEMENTED_FOUNDATION,Wave 3,No restore orchestration,NAS -> temporary S3 -> CloudFront only,STO-005;PAY-003,storage/restore-planner.js,NAS is never a LIVE dependency and S3 deletion cannot occur before verified shadow test
STO-007,Retention and Storage Governor,Storage/Archive,P1,IMPLEMENTED_FOUNDATION,Wave 3,Handler-specific retention,"72h hot, pressure tiers, event exceptions and shadow period",STO-004,storage/archive-verification.js,NAS is never a LIVE dependency and S3 deletion cannot occur before verified shadow test
STO-008,Delta Cloud Keyframe Pack,Storage/Archive,P1,IMPLEMENTED_FOUNDATION,Wave 3,New v0.2 proposal,Store keyframes plus deltas to reduce cloud archive growth,CLD-005;STO-001,storage/delta-pack.js,NAS is never a LIVE dependency and S3 deletion cannot occur before verified shadow test
STO-009,Event Capsule Builder,Storage/Archive,P1,IMPLEMENTED_FOUNDATION,Wave 3,New v0.2 proposal,Preserve high-value typhoon/heavy-rain/error cases as replay packages,STO-001,storage/event-capsule.js,NAS is never a LIVE dependency and S3 deletion cannot occur before verified shadow test
STO-010,Replay Rehydration Engine,Storage/Archive,P2,IMPLEMENTED_FOUNDATION,Wave 3,New v0.2 proposal,Reconstruct service tiles from canonical archive version,STO-005;STO-006,storage/replay-rehydration.js,NAS is never a LIVE dependency and S3 deletion cannot occur before verified shadow test
VIS-001,DATA TOWER,Visual,P0,REFACTOR,Wave 1,prototype tourism radial cylinders,Use real cells when available; preserve aggregate truth otherwise,FND-010,visual/tower.js,"Engine follows common runtime, evidence, LOD and disposal contract"
VIS-002,DATA RELIEF,Visual,P1,REUSE_WITH_ADAPTER,Wave 1,v8 human-relief.js,Add terrain/data morph and country clipping,GEO-001,geo/terrain-data-morph.js,"Engine follows common runtime, evidence, LOD and disposal contract"
VIS-003,DATA FIELD,Visual,P0,REUSE_WITH_ADAPTER,Wave 1,Existing weather/ocean canvas grids,"Standardize scalar field, legend and time interpolation",FND-011,visual/visual-manifest.js,"Engine follows common runtime, evidence, LOD and disposal contract"
VIS-004,DATA FLOW,Visual,P1,REUSE_WITH_ADAPTER,Wave 1,v8 shared-flow.js and wind renderer,Use proven U/V vectors and visible-tile advection,FND-011,visual/flow.js,"Engine follows common runtime, evidence, LOD and disposal contract"
VIS-005,DATA NETWORK,Visual,P1,IMPLEMENTED_FOUNDATION,Wave 1,Feature-specific line layers only,"Shared node/line renderer contract for rivers, roads and networks",FND-011,human-flow/spatial-graph.js,"Engine follows common runtime, evidence, LOD and disposal contract"
VIS-006,DATA VOLUME,Visual,P1,IMPLEMENTED_FOUNDATION,Wave 1,Current clouds are imagery,Three-shell/mobile and bounded half-volume/desktop policy,FND-002,visual/volume.js,"Engine follows common runtime, evidence, LOD and disposal contract"
VIS-007,DATA PULSE,Visual,P1,REUSE_WITH_ADAPTER,Wave 1,Quake/lightning/event entities,Unify observed/forecast/simulation pulse semantics,FND-011,visual/semantic-linter.js,"Engine follows common runtime, evidence, LOD and disposal contract"
VIS-008,DATA TRACK,Visual,P1,REUSE_WITH_ADAPTER,Wave 1,Cyclone/orbit/motion controllers,Unify past/current/forecast/scenario paths,FND-011,adapters/v8-compat.js,"Engine follows common runtime, evidence, LOD and disposal contract"
VIS-009,DATA BEACON,Visual,P0,REUSE_WITH_ADAPTER,Wave 1,POI/station/buoy points and clustering,Minimal point/ring/cluster renderer with label caps,FND-011,visual/visual-manifest.js,"Engine follows common runtime, evidence, LOD and disposal contract"
VIS-010,Visual Material Grammar Engine,Visual,P1,IMPLEMENTED_FOUNDATION,Wave 1,Neo-Minimal style rules exist,Map domain/evidence/scene/thermal to material semantics,FND-011;FND-010,visual/material-grammar.js,Risk styling reserved and scenario styling distinct
VIS-011,Color and Accessibility Semantics,Visual,P1,IMPLEMENTED_FOUNDATION,Wave 1,Color is used across layers,Add pattern/symbol/text cue so color is never sole state carrier,VIS-010,visual/color-accessibility.js,Accessible state remains understandable without color
VIS-012,Label and Annotation Budget Engine,Visual,P1,IMPLEMENTED_FOUNDATION,Wave 1,5-8 label rule exists,Prioritize safety/selection/primary labels under device budget,FND-009,visual/label-budget.js,Safety labels are never evicted by decorative labels
VIS-013,Picking and Inspection Engine,Visual,P1,IMPLEMENTED_FOUNDATION,Wave 1,Cesium layers have ad-hoc click handlers,Return common pick envelope with value/time/evidence/provenance,FND-011,visual/picking-inspection.js,Picked value can always reveal source and time
VIS-014,Focus Transition and Camera Choreography,Visual,P1,IMPLEMENTED_FOUNDATION,Wave 1,Country focus camera design exists,Bounded smooth transitions with reduced-motion support,FND-014,visual/camera-choreography.js,Camera motion never hides context or causes infinite animation
WX-001,Weather Detail Information Architecture,Weather,P1,IMPLEMENTED_FOUNDATION,Wave 2,Weather Card v7 exists,Current -> Brief -> hourly -> 10-day -> radar/precip -> details,FND-016,weather/weather-detail-ia.js,Weather detail order is fixed and deep analysis is preview-gated for free users
WX-002,Weather Spatiotemporal Fusion,Weather,P1,IMPLEMENTED_FOUNDATION,Wave 2,KMA/global feeds independent,Canonical location/time/unit/altitude/evidence snapshot,FND-006;HF-001,weather/weather-spatiotemporal-fusion.js,Weather signals align by time while official/model/Earthus truth classes remain separated
WX-003,Observation Quality and Provenance,Weather,P1,HARDEN,Wave 2,KMA/AirKorea freshness exists separately,Shared station/radar/satellite/model QC,FND-005;WX-002,,Official KMA output and Earthus analysis are labelled separately and calibrated before public probabilities
WX-004,Multi-Model Ensemble,Weather,P1,IMPLEMENTED_FOUNDATION,Wave 2,Several model adapters exist,"Normalize members, skill weights, spread and agreement",WX-002,weather/ensemble.js,Official KMA output and Earthus analysis are labelled separately and calibrated before public probabilities
WX-005,Local Bias Correction,Weather,P1,IMPLEMENTED_FOUNDATION,Wave 2,No canonical bias service,"Correct by location, variable, lead and regime",WX-004;HF-007,weather/ensemble.js,Official KMA output and Earthus analysis are labelled separately and calibrated before public probabilities
WX-006,Radar/Satellite Nowcast,Weather,P1,IMPLEMENTED_FOUNDATION,Wave 2,Radar/satellite/lightning inputs exist,Advection + growth/decay + NWP blend,WX-002;VIS-004,weather/nowcast.js,Official KMA output and Earthus analysis are labelled separately and calibrated before public probabilities
WX-007,Weather Event Detector,Weather,P1,IMPLEMENTED_FOUNDATION,Wave 2,Warnings/events feature-specific,"Detect fronts, convergence and rapid cooling as evidence",WX-006,weather/weather-event-detector.js,Detector emits evidence candidates and never self-declares official warnings
WX-008,Moisture Source Attribution,Weather,P1,IMPLEMENTED_FOUNDATION,Wave 2,TPW/SST/wind exist,Trajectory/flux/ascent multi-signal contribution,WX-002,weather/moisture-attribution.js,Official KMA output and Earthus analysis are labelled separately and calibrated before public probabilities
WX-009,SST Anomaly Support,Weather,P1,REUSE_WITH_ADAPTER,Wave 2,OISST/SST anomaly layer exists,Feed support evidence without claiming SST alone caused rain,WX-008,weather/moisture-attribution.js,Official KMA output and Earthus analysis are labelled separately and calibrated before public probabilities
WX-010,Cyclone Remnant Interaction,Weather,P1,IMPLEMENTED_FOUNDATION,Wave 2,Official cyclone tracks exist,Track remnant moisture/front/jet interactions,WX-008,weather/cyclone-remnant-interaction.js,Remnant interaction requires multiple moisture/ascent/front/jet signals before causal language
WX-011,Forecast Gap Scanner,Weather,P1,IMPLEMENTED_FOUNDATION,Wave 2,No divergence service,Official forecast vs persistent calibrated consensus,WX-004;WX-005,weather/forecast-gap.js,Official KMA output and Earthus analysis are labelled separately and calibrated before public probabilities
WX-012,Evidence Graph,Weather,P1,IMPLEMENTED_FOUNDATION,Wave 2,No claim-level graph,Store supporting/counter evidence and expiry,WX-003,weather/evidence-graph.js,Official KMA output and Earthus analysis are labelled separately and calibrated before public probabilities
WX-013,Weather Claim Gate,Weather,P1,IMPLEMENTED_FOUNDATION,Wave 2,No sentence-level gate,Block unsupported causal or numerical claims,WX-012,weather/evidence-graph.js,Official KMA output and Earthus analysis are labelled separately and calibrated before public probabilities
WX-014,Weather Narrative Composer,Weather,P1,IMPLEMENTED_FOUNDATION,Wave 2,Weather Brief slot exists,Compose KMA-labelled summary and Earthus-labelled analysis,WX-013;WX-001,weather/narrative.js,Official KMA output and Earthus analysis are labelled separately and calibrated before public probabilities
WX-015,Weather Action Intelligence,Weather,P1,IMPLEMENTED_FOUNDATION,Wave 2,Watch/push foundations exist,Translate weather to schedule/activity impacts,WX-014;HF-015,weather/weather-action-intelligence.js,Official gates exclude windows before recommendation scoring
WX-016,Precipitation State Engine,Weather,P1,IMPLEMENTED_FOUNDATION,Wave 2,Radar/gauge/model exist separately,Keep precipitation separate from cloud and fuse observed sources,WX-002,weather/precipitation.js,Official KMA output and Earthus analysis are labelled separately and calibrated before public probabilities
WX-017,Precipitation Nowcast,Weather,P1,IMPLEMENTED_FOUNDATION,Wave 2,No common precipitation nowcast,Use scalar advection and growth/decay foundation,WX-006;WX-016,weather/nowcast.js,Official KMA output and Earthus analysis are labelled separately and calibrated before public probabilities
WX-018,Rain/Snow Phase Engine,Weather,P1,IMPLEMENTED_FOUNDATION,Wave 2,Phase is source-specific,Wet-bulb and layer-aware phase foundation,WX-002,weather/precipitation.js,Official KMA output and Earthus analysis are labelled separately and calibrated before public probabilities
WX-019,Rain Curtain Renderer,Weather,P1,IMPLEMENTED_FOUNDATION,Wave 2,Radar is 2D imagery,Device-aware curtain plus near particles only when justified,WX-016;VIS-006,weather/precipitation.js,Official KMA output and Earthus analysis are labelled separately and calibrated before public probabilities
WX-020,Weather Ground Truth and ModelOps,Weather,P1,IMPLEMENTED_FOUNDATION,Wave 2,Forecast boundary exists; outputs not released,Store run/valid/actual by region and horizon,HF-007;OPS-006,weather/weather-modelops.js,Weather forecasts produce ground-truth metrics and promotion requires calibration/rollback evidence
WX-021,Forecast Scenario Cluster Engine,Weather,P1,IMPLEMENTED_FOUNDATION,Wave 3,Multi-model/ensemble members exist but user-facing scenario compression is missing,Cluster ensemble members into deterministic representative scenarios with member probability,WX-004,weather/forecast-scenario-cluster.js,Scenario clusters preserve member identities and never present cluster probability as official forecast probability
WX-022,Forecast Reconciliation Engine,Weather,P1,IMPLEMENTED_FOUNDATION,Wave 3,"Official forecast, ensemble and Forecast Gap exist separately",Keep official baseline primary while exposing calibrated persistent divergence as Earthus Early Signal,WX-004;WX-011,weather/forecast-reconciliation.js,Official forecast is never overwritten; Early Signal requires persistence and calibration qualification
