26024	93264	https://earthus.net/
1665699	5909848	https://cdn.jsdelivr.net/npm/cesium@1.143.0/Build/Cesium/Cesium.js
11598	24059	https://cdn.jsdelivr.net/npm/satellite.js@6.0.2/dist/satellite.min.js
6196	30710	https://cdn.jsdelivr.net/npm/cesium@1.143.0/Build/Cesium/Widgets/widgets.css
7483	18761	https://earthus.net/js/earth-switch.js
2630	5635	https://earthus.net/js/app-bar.js
54547	233080	https://earthus.net/css/app.css?v=20260923-uxcheck
4084	11786	https://earthus.net/css/weather-card-v7.css?v=20260923-uxcheck
2984	11765	https://earthus.net/css/tourism-flow.css?v=20260821-tourism-density2
13133	56523	https://earthus.net/css/account.css?v=20260906-v1-lean
1600	4364	https://earthus.net/css/ask.css?v=20260814-ax1
3515	9451	https://earthus.net/css/readability.css?v=20260923-lean
690	1652	https://earthus.net/css/safety.css?v=20260812-safety1
3289	9203	https://earthus.net/css/decision-rail.css?v=20260814-ax2
3375	8298	https://earthus.net/css/v8-shell.css?v=20260923-uxcheck
20956	60002	https://earthus.net/js/main.js?v=20260907-hazard
8747	20303	https://earthus.net/js/viewer.js
2344	5316	https://earthus.net/js/alarms.js
13009	33744	https://earthus.net/js/windfield.js
2623	5649	https://earthus.net/js/mylocation.js
29765	93189	https://earthus.net/js/layerbar.js
9473	25941	https://earthus.net/js/search.js
4194	9394	https://earthus.net/js/onboard.js
27474	86709	https://earthus.net/js/ui-weather.js
1168	2858	https://earthus.net/js/weather-earth-sync.js
1661	3488	https://earthus.net/js/weather-moment-layer.js
4798	10953	https://earthus.net/js/power.js
3864	9188	https://earthus.net/js/panels.js
2452	4901	https://earthus.net/js/intro.js
6755	16208	https://earthus.net/js/render-quality.js
5585	14180	https://earthus.net/js/store.js
3911	12310	https://earthus.net/js/earth-view-state.js
3227	10360	https://earthus.net/js/earth-route-state.js
7405	21141	https://earthus.net/js/layers/registry.js
32118	99285	https://earthus.net/js/layers/imagery.js
41144	126997	https://earthus.net/js/ui.js
9825	23519	https://earthus.net/js/i18n.js
7134	19472	https://earthus.net/js/auth.js
3597	7731	https://earthus.net/js/config.local.js
2028	4642	https://earthus.net/js/access-mode.js
7301	22327	https://earthus.net/js/ui-account.js
2350	5941	https://earthus.net/js/analytics.js
5455	14040	https://earthus.net/js/ui-sat.js
17361	50532	https://earthus.net/js/ui-source.js
11005	31337	https://earthus.net/js/readability.js
7286	23117	https://earthus.net/js/decision-rail.js
3679	8912	https://earthus.net/js/continuous-contours.js
4157	9529	https://earthus.net/js/warn.js
2428	4889	https://earthus.net/js/ui-warn.js
1753	3267	https://earthus.net/js/ui-active.js
1711	4468	https://earthus.net/js/scene.js
3100	10444	https://earthus.net/js/space/route-state.js
2175	6029	https://earthus.net/js/v8/runtime-coordinator.js
10900	27256	https://earthus.net/js/config.js
2326	5837	https://earthus.net/js/sky-panorama.js
4180	9567	https://earthus.net/js/for-me-row.js
1213	2511	https://earthus.net/js/menu-information.js?v=20260905
5124	13859	https://earthus.net/js/earthus-icons.js?v=1
9849	21961	https://earthus.net/js/geoname.js
7587	21634	https://earthus.net/js/ui-japan.js
3370	7720	https://earthus.net/js/layers/weather.js
2494	4781	https://earthus.net/js/kma-fcst.js
3238	6249	https://earthus.net/js/korea.js
3197	7779	https://earthus.net/js/place.js
2517	6235	https://earthus.net/js/safety-gate-ui.js
794	2096	https://earthus.net/js/weather-data-v7.js
5062	19957	https://earthus.net/js/weather-contract-v7.js
5690	13372	https://earthus.net/js/layers/hazard.js
28464	86741	https://earthus.net/js/layers/cyclone.js
4575	10084	https://earthus.net/js/layers/events.js
12314	34211	https://earthus.net/js/layers/space.js
3953	10041	https://earthus.net/js/layers/launchpad.js
5618	16213	https://earthus.net/js/layers/landobs.js
3628	7815	https://earthus.net/js/layers/ukfc.js
4089	9088	https://earthus.net/js/layers/coverage.js
19131	51650	https://earthus.net/js/gridoverlay.js
1553	3224	https://earthus.net/js/layers/travel.js
14702	39688	https://earthus.net/js/layers/phenomena.js
2278	4531	https://earthus.net/js/layers/ocean.js
3640	8231	https://earthus.net/js/layers/tsunami.js
2664	5122	https://earthus.net/js/layers/wildfire.js
3114	7029	https://earthus.net/js/layers/eclipse.js
4210	9410	https://earthus.net/js/layers/lightning.js
3522	7960	https://earthus.net/js/layers/regional.js
3884	10099	https://earthus.net/js/layers/alerts.js
2564	5357	https://earthus.net/js/layers/airkr.js
6066	18561	https://earthus.net/js/layers/tourism-flow.js?v=20260821-tourism-density2
1767	3155	https://earthus.net/js/net.js
1913	4852	https://earthus.net/js/cloud-shadow.js
1799	6451	https://earthus.net/js/imagery-layer-group.js
1625	3651	https://earthus.net/js/safety-actions.js
863	1561	https://earthus.net/js/visual-effect-settings.js
9742	24066	https://earthus.net/js/i18n-sweep.js
2214	4827	https://earthus.net/js/biometric.js
12601	30704	https://earthus.net/js/billing.js
1929	5336	https://earthus.net/js/analytics-contract.js
18407	45489	https://earthus.net/js/layers/satcat.js
1742	4161	https://earthus.net/js/v8/provenance-dock.js
1221	2883	https://earthus.net/js/gridmath.js
3025	6711	https://earthus.net/js/coastline-reference.js
2431	6199	https://earthus.net/js/contour-math.js
3844	9996	https://earthus.net/js/safety-engine.js
1192	3925	https://earthus.net/js/v8/unified-time.js
539	1419	https://earthus.net/js/v8/visual-layer-registry.js
756	1603	https://earthus.net/space/skybox/earthus-milky-way/sky-asset-manifest.js
4225	8938	https://earthus.net/js/jpname.js
7745	20731	https://earthus.net/js/layers/pointLayer.js
6045	12766	https://earthus.net/js/jma.js
2046	3594	https://earthus.net/js/maplabel.js
613	1017	https://earthus.net/js/layers/cyclone-geometry.js
3139	6713	https://earthus.net/js/newsbubble.js
2061	5784	https://earthus.net/js/launch-schedule.js
7255	18745	https://earthus.net/js/sky.js
2793	5501	https://earthus.net/js/eclipsepath.js
5419	15888	https://earthus.net/js/tourism-flow-contract.js
2832	8455	https://earthus.net/js/tourism-density-grid.js
1657	5900	https://earthus.net/js/tourism-density-labels.js
1521	3113	https://earthus.net/js/korea-admin-reference.js
1715	4172	https://earthus.net/js/kto-tourism-contract.js
1029	1629	https://earthus.net/js/layers/tourism-map-style.js
3977	10672	https://earthus.net/js/cloud-depth-provider.js
742	1721	https://earthus.net/js/satellite-tile-cache.js
683	1249	https://earthus.net/js/satellite-security.js
